train_id,date,section,line,dep_time,arr_time,train_type
PSG-1,2026-09-01,STN_A-STN_B,UP_MAIN,2026-09-01 01:07,2026-09-01 01:19,PASSENGER
PSG-2,2026-09-01,STN_A-STN_B,UP_MAIN,2026-09-01 07:24,2026-09-01 07:39,PASSENGER
PSG-3,2026-09-01,STN_A-STN_B,UP_MAIN,2026-09-01 15:10,2026-09-01 15:20,PASSENGER
PSG-4,2026-09-01,STN_A-STN_B,UP_MAIN,2026-09-01 12:22,2026-09-01 12:30,PASSENGER
PSG-5,2026-09-01,STN_A-STN_B,UP_MAIN,2026-09-01 23:24,2026-09-01 23:36,PASSENGER
PSG-6,2026-09-01,STN_A-STN_B,UP_MAIN,2026-09-01 18:35,2026-09-01 18:47,PASSENGER
PSG-7,2026-09-01,STN_A-STN_B,UP_MAIN,2026-09-01 02:04,2026-09-01 02:19,PASSENGER
PSG-8,2026-09-01,STN_A-STN_B,UP_MAIN,2026-09-01 09:25,2026-09-01 09:35,PASSENGER
PSG-9,2026-09-01,STN_A-STN_B,DN_MAIN,2026-09-01 15:31,2026-09-01 15:39,PASSENGER
PSG-10,2026-09-01,STN_A-STN_B,DN_MAIN,2026-09-01 22:37,2026-09-01 22:47,PASSENGER
PSG-11,2026-09-01,STN_A-STN_B,DN_MAIN,2026-09-01 21:54,2026-09-01 22:02,PASSENGER
PSG-12,2026-09-01,STN_A-STN_B,DN_MAIN,2026-09-01 01:43,2026-09-01 01:55,PASSENGER
PSG-13,2026-09-01,STN_A-STN_B,DN_MAIN,2026-09-01 08:18,2026-09-01 08:28,PASSENGER
PSG-14,2026-09-01,STN_A-STN_B,DN_MAIN,2026-09-01 19:16,2026-09-01 19:26,PASSENGER
PSG-15,2026-09-01,STN_B-STN_C,UP_MAIN,2026-09-01 18:55,2026-09-01 19:05,PASSENGER
PSG-16,2026-09-01,STN_B-STN_C,UP_MAIN,2026-09-01 20:00,2026-09-01 20:10,PASSENGER
PSG-17,2026-09-01,STN_B-STN_C,UP_MAIN,2026-09-01 07:57,2026-09-01 08:09,PASSENGER
PSG-18,2026-09-01,STN_B-STN_C,UP_MAIN,2026-09-01 05:02,2026-09-01 05:10,PASSENGER
PSG-19,2026-09-01,STN_B-STN_C,UP_MAIN,2026-09-01 09:27,2026-09-01 09:37,PASSENGER
PSG-20,2026-09-01,STN_B-STN_C,UP_MAIN,2026-09-01 04:26,2026-09-01 04:38,PASSENGER
PSG-21,2026-09-01,STN_B-STN_C,DN_MAIN,2026-09-01 05:57,2026-09-01 06:05,PASSENGER
PSG-22,2026-09-01,STN_B-STN_C,DN_MAIN,2026-09-01 22:33,2026-09-01 22:41,PASSENGER
PSG-23,2026-09-01,STN_B-STN_C,DN_MAIN,2026-09-01 04:29,2026-09-01 04:37,PASSENGER
PSG-24,2026-09-01,STN_B-STN_C,DN_MAIN,2026-09-01 12:13,2026-09-01 12:23,PASSENGER
PSG-25,2026-09-01,STN_B-STN_C,DN_MAIN,2026-09-01 20:05,2026-09-01 20:17,PASSENGER
PSG-26,2026-09-01,STN_B-STN_C,DN_MAIN,2026-09-01 00:32,2026-09-01 00:42,PASSENGER
PSG-27,2026-09-01,STN_B-STN_C,DN_MAIN,2026-09-01 09:03,2026-09-01 09:11,PASSENGER
PSG-28,2026-09-01,STN_B-STN_C,DN_MAIN,2026-09-01 04:19,2026-09-01 04:34,PASSENGER
PSG-29,2026-09-01,STN_B-STN_C,DN_MAIN,2026-09-01 17:57,2026-09-01 18:05,PASSENGER
PSG-30,2026-09-01,STN_B-STN_C,DN_MAIN,2026-09-01 02:10,2026-09-01 02:25,PASSENGER
PSG-31,2026-09-01,STN_B-STN_C,DN_MAIN,2026-09-01 15:18,2026-09-01 15:30,PASSENGER
PSG-32,2026-09-01,STN_B-STN_C,DN_MAIN,2026-09-01 17:31,2026-09-01 17:39,PASSENGER
PSG-33,2026-09-01,STN_C-STN_D,UP_MAIN,2026-09-01 17:11,2026-09-01 17:21,PASSENGER
PSG-34,2026-09-01,STN_C-STN_D,UP_MAIN,2026-09-01 20:59,2026-09-01 21:07,PASSENGER
PSG-35,2026-09-01,STN_C-STN_D,UP_MAIN,2026-09-01 22:29,2026-09-01 22:41,PASSENGER
PSG-36,2026-09-01,STN_C-STN_D,UP_MAIN,2026-09-01 15:38,2026-09-01 15:46,PASSENGER
PSG-37,2026-09-01,STN_C-STN_D,UP_MAIN,2026-09-01 02:04,2026-09-01 02:19,PASSENGER
PSG-38,2026-09-01,STN_C-STN_D,UP_MAIN,2026-09-01 13:42,2026-09-01 13:57,PASSENGER
PSG-39,2026-09-01,STN_C-STN_D,UP_MAIN,2026-09-01 23:25,2026-09-01 23:33,PASSENGER
PSG-40,2026-09-01,STN_C-STN_D,UP_MAIN,2026-09-01 16:44,2026-09-01 16:59,PASSENGER
PSG-41,2026-09-01,STN_C-STN_D,UP_MAIN,2026-09-01 02:30,2026-09-01 02:38,PASSENGER
PSG-42,2026-09-01,STN_C-STN_D,DN_MAIN,2026-09-01 20:45,2026-09-01 20:55,PASSENGER
PSG-43,2026-09-01,STN_C-STN_D,DN_MAIN,2026-09-01 02:14,2026-09-01 02:24,PASSENGER
PSG-44,2026-09-01,STN_C-STN_D,DN_MAIN,2026-09-01 09:23,2026-09-01 09:35,PASSENGER
PSG-45,2026-09-01,STN_C-STN_D,DN_MAIN,2026-09-01 13:00,2026-09-01 13:12,PASSENGER
PSG-46,2026-09-01,STN_C-STN_D,DN_MAIN,2026-09-01 15:29,2026-09-01 15:44,PASSENGER
PSG-47,2026-09-01,STN_C-STN_D,DN_MAIN,2026-09-01 03:23,2026-09-01 03:31,PASSENGER
PSG-48,2026-09-01,STN_C-STN_D,DN_MAIN,2026-09-01 22:20,2026-09-01 22:30,PASSENGER
PSG-49,2026-09-01,STN_C-STN_D,DN_MAIN,2026-09-01 14:40,2026-09-01 14:55,PASSENGER
PSG-50,2026-09-02,STN_A-STN_B,UP_MAIN,2026-09-02 14:07,2026-09-02 14:19,PASSENGER
PSG-51,2026-09-02,STN_A-STN_B,UP_MAIN,2026-09-02 15:28,2026-09-02 15:43,PASSENGER
PSG-52,2026-09-02,STN_A-STN_B,UP_MAIN,2026-09-02 14:11,2026-09-02 14:19,PASSENGER
PSG-53,2026-09-02,STN_A-STN_B,UP_MAIN,2026-09-02 10:40,2026-09-02 10:55,PASSENGER
PSG-54,2026-09-02,STN_A-STN_B,UP_MAIN,2026-09-02 10:40,2026-09-02 10:52,PASSENGER
PSG-55,2026-09-02,STN_A-STN_B,UP_MAIN,2026-09-02 12:46,2026-09-02 12:56,PASSENGER
PSG-56,2026-09-02,STN_A-STN_B,UP_MAIN,2026-09-02 23:26,2026-09-02 23:41,PASSENGER
PSG-57,2026-09-02,STN_A-STN_B,DN_MAIN,2026-09-02 03:06,2026-09-02 03:14,PASSENGER
PSG-58,2026-09-02,STN_A-STN_B,DN_MAIN,2026-09-02 03:10,2026-09-02 03:25,PASSENGER
PSG-59,2026-09-02,STN_A-STN_B,DN_MAIN,2026-09-02 03:17,2026-09-02 03:29,PASSENGER
PSG-60,2026-09-02,STN_A-STN_B,DN_MAIN,2026-09-02 04:26,2026-09-02 04:34,PASSENGER
PSG-61,2026-09-02,STN_A-STN_B,DN_MAIN,2026-09-02 20:01,2026-09-02 20:13,PASSENGER
PSG-62,2026-09-02,STN_A-STN_B,DN_MAIN,2026-09-02 22:52,2026-09-02 23:00,PASSENGER
PSG-63,2026-09-02,STN_B-STN_C,UP_MAIN,2026-09-02 12:04,2026-09-02 12:19,PASSENGER
PSG-64,2026-09-02,STN_B-STN_C,UP_MAIN,2026-09-02 01:45,2026-09-02 01:57,PASSENGER
PSG-65,2026-09-02,STN_B-STN_C,UP_MAIN,2026-09-02 20:29,2026-09-02 20:41,PASSENGER
PSG-66,2026-09-02,STN_B-STN_C,UP_MAIN,2026-09-02 12:00,2026-09-02 12:08,PASSENGER
PSG-67,2026-09-02,STN_B-STN_C,UP_MAIN,2026-09-02 19:43,2026-09-02 19:53,PASSENGER
PSG-68,2026-09-02,STN_B-STN_C,UP_MAIN,2026-09-02 05:16,2026-09-02 05:31,PASSENGER
PSG-69,2026-09-02,STN_B-STN_C,UP_MAIN,2026-09-02 07:39,2026-09-02 07:47,PASSENGER
PSG-70,2026-09-02,STN_B-STN_C,UP_MAIN,2026-09-02 11:57,2026-09-02 12:09,PASSENGER
PSG-71,2026-09-02,STN_B-STN_C,UP_MAIN,2026-09-02 03:55,2026-09-02 04:07,PASSENGER
PSG-72,2026-09-02,STN_B-STN_C,DN_MAIN,2026-09-02 07:43,2026-09-02 07:58,PASSENGER
PSG-73,2026-09-02,STN_B-STN_C,DN_MAIN,2026-09-02 19:08,2026-09-02 19:16,PASSENGER
PSG-74,2026-09-02,STN_B-STN_C,DN_MAIN,2026-09-02 20:47,2026-09-02 20:59,PASSENGER
PSG-75,2026-09-02,STN_B-STN_C,DN_MAIN,2026-09-02 00:59,2026-09-02 01:09,PASSENGER
PSG-76,2026-09-02,STN_B-STN_C,DN_MAIN,2026-09-02 09:19,2026-09-02 09:31,PASSENGER
PSG-77,2026-09-02,STN_B-STN_C,DN_MAIN,2026-09-02 11:35,2026-09-02 11:47,PASSENGER
PSG-78,2026-09-02,STN_B-STN_C,DN_MAIN,2026-09-02 00:12,2026-09-02 00:22,PASSENGER
PSG-79,2026-09-02,STN_B-STN_C,DN_MAIN,2026-09-02 04:53,2026-09-02 05:08,PASSENGER
PSG-80,2026-09-02,STN_B-STN_C,DN_MAIN,2026-09-02 02:22,2026-09-02 02:32,PASSENGER
PSG-81,2026-09-02,STN_B-STN_C,DN_MAIN,2026-09-02 21:36,2026-09-02 21:44,PASSENGER
PSG-82,2026-09-02,STN_C-STN_D,UP_MAIN,2026-09-02 18:06,2026-09-02 18:16,PASSENGER
PSG-83,2026-09-02,STN_C-STN_D,UP_MAIN,2026-09-02 12:50,2026-09-02 13:05,PASSENGER
PSG-84,2026-09-02,STN_C-STN_D,UP_MAIN,2026-09-02 15:29,2026-09-02 15:41,PASSENGER
PSG-85,2026-09-02,STN_C-STN_D,UP_MAIN,2026-09-02 05:22,2026-09-02 05:34,PASSENGER
PSG-86,2026-09-02,STN_C-STN_D,UP_MAIN,2026-09-02 10:38,2026-09-02 10:50,PASSENGER
PSG-87,2026-09-02,STN_C-STN_D,UP_MAIN,2026-09-02 19:22,2026-09-02 19:30,PASSENGER
PSG-88,2026-09-02,STN_C-STN_D,DN_MAIN,2026-09-02 05:18,2026-09-02 05:28,PASSENGER
PSG-89,2026-09-02,STN_C-STN_D,DN_MAIN,2026-09-02 21:05,2026-09-02 21:13,PASSENGER
PSG-90,2026-09-02,STN_C-STN_D,DN_MAIN,2026-09-02 23:00,2026-09-02 23:08,PASSENGER
PSG-91,2026-09-02,STN_C-STN_D,DN_MAIN,2026-09-02 09:17,2026-09-02 09:32,PASSENGER
PSG-92,2026-09-02,STN_C-STN_D,DN_MAIN,2026-09-02 22:35,2026-09-02 22:50,PASSENGER
PSG-93,2026-09-02,STN_C-STN_D,DN_MAIN,2026-09-02 16:34,2026-09-02 16:49,PASSENGER
PSG-94,2026-09-03,STN_A-STN_B,UP_MAIN,2026-09-03 09:19,2026-09-03 09:29,PASSENGER
PSG-95,2026-09-03,STN_A-STN_B,UP_MAIN,2026-09-03 17:29,2026-09-03 17:37,PASSENGER
PSG-96,2026-09-03,STN_A-STN_B,UP_MAIN,2026-09-03 11:46,2026-09-03 12:01,PASSENGER
PSG-97,2026-09-03,STN_A-STN_B,UP_MAIN,2026-09-03 03:47,2026-09-03 03:59,PASSENGER
PSG-98,2026-09-03,STN_A-STN_B,UP_MAIN,2026-09-03 23:08,2026-09-03 23:23,PASSENGER
PSG-99,2026-09-03,STN_A-STN_B,UP_MAIN,2026-09-03 17:59,2026-09-03 18:11,PASSENGER
PSG-100,2026-09-03,STN_A-STN_B,UP_MAIN,2026-09-03 01:33,2026-09-03 01:43,PASSENGER
PSG-101,2026-09-03,STN_A-STN_B,UP_MAIN,2026-09-03 13:29,2026-09-03 13:37,PASSENGER
PSG-102,2026-09-03,STN_A-STN_B,UP_MAIN,2026-09-03 00:15,2026-09-03 00:25,PASSENGER
PSG-103,2026-09-03,STN_A-STN_B,DN_MAIN,2026-09-03 07:12,2026-09-03 07:22,PASSENGER
PSG-104,2026-09-03,STN_A-STN_B,DN_MAIN,2026-09-03 08:43,2026-09-03 08:55,PASSENGER
PSG-105,2026-09-03,STN_A-STN_B,DN_MAIN,2026-09-03 11:11,2026-09-03 11:19,PASSENGER
PSG-106,2026-09-03,STN_A-STN_B,DN_MAIN,2026-09-03 00:15,2026-09-03 00:30,PASSENGER
PSG-107,2026-09-03,STN_A-STN_B,DN_MAIN,2026-09-03 14:41,2026-09-03 14:51,PASSENGER
PSG-108,2026-09-03,STN_A-STN_B,DN_MAIN,2026-09-03 04:24,2026-09-03 04:39,PASSENGER
PSG-109,2026-09-03,STN_A-STN_B,DN_MAIN,2026-09-03 18:10,2026-09-03 18:20,PASSENGER
PSG-110,2026-09-03,STN_A-STN_B,DN_MAIN,2026-09-03 17:04,2026-09-03 17:16,PASSENGER
PSG-111,2026-09-03,STN_B-STN_C,UP_MAIN,2026-09-03 13:33,2026-09-03 13:41,PASSENGER
PSG-112,2026-09-03,STN_B-STN_C,UP_MAIN,2026-09-03 14:53,2026-09-03 15:01,PASSENGER
PSG-113,2026-09-03,STN_B-STN_C,UP_MAIN,2026-09-03 15:41,2026-09-03 15:49,PASSENGER
PSG-114,2026-09-03,STN_B-STN_C,UP_MAIN,2026-09-03 10:41,2026-09-03 10:56,PASSENGER
PSG-115,2026-09-03,STN_B-STN_C,UP_MAIN,2026-09-03 19:34,2026-09-03 19:49,PASSENGER
PSG-116,2026-09-03,STN_B-STN_C,UP_MAIN,2026-09-03 21:51,2026-09-03 22:06,PASSENGER
PSG-117,2026-09-03,STN_B-STN_C,DN_MAIN,2026-09-03 03:55,2026-09-03 04:10,PASSENGER
PSG-118,2026-09-03,STN_B-STN_C,DN_MAIN,2026-09-03 00:42,2026-09-03 00:54,PASSENGER
PSG-119,2026-09-03,STN_B-STN_C,DN_MAIN,2026-09-03 05:51,2026-09-03 06:06,PASSENGER
PSG-120,2026-09-03,STN_B-STN_C,DN_MAIN,2026-09-03 23:32,2026-09-03 23:44,PASSENGER
PSG-121,2026-09-03,STN_B-STN_C,DN_MAIN,2026-09-03 03:00,2026-09-03 03:15,PASSENGER
PSG-122,2026-09-03,STN_B-STN_C,DN_MAIN,2026-09-03 03:36,2026-09-03 03:46,PASSENGER
PSG-123,2026-09-03,STN_B-STN_C,DN_MAIN,2026-09-03 14:52,2026-09-03 15:07,PASSENGER
PSG-124,2026-09-03,STN_B-STN_C,DN_MAIN,2026-09-03 17:53,2026-09-03 18:01,PASSENGER
PSG-125,2026-09-03,STN_C-STN_D,UP_MAIN,2026-09-03 10:35,2026-09-03 10:47,PASSENGER
PSG-126,2026-09-03,STN_C-STN_D,UP_MAIN,2026-09-03 07:33,2026-09-03 07:45,PASSENGER
PSG-127,2026-09-03,STN_C-STN_D,UP_MAIN,2026-09-03 05:44,2026-09-03 05:52,PASSENGER
PSG-128,2026-09-03,STN_C-STN_D,UP_MAIN,2026-09-03 17:25,2026-09-03 17:33,PASSENGER
PSG-129,2026-09-03,STN_C-STN_D,UP_MAIN,2026-09-03 18:06,2026-09-03 18:16,PASSENGER
PSG-130,2026-09-03,STN_C-STN_D,UP_MAIN,2026-09-03 11:55,2026-09-03 12:07,PASSENGER
PSG-131,2026-09-03,STN_C-STN_D,UP_MAIN,2026-09-03 22:01,2026-09-03 22:11,PASSENGER
PSG-132,2026-09-03,STN_C-STN_D,UP_MAIN,2026-09-03 08:03,2026-09-03 08:11,PASSENGER
PSG-133,2026-09-03,STN_C-STN_D,UP_MAIN,2026-09-03 04:59,2026-09-03 05:11,PASSENGER
PSG-134,2026-09-03,STN_C-STN_D,DN_MAIN,2026-09-03 05:55,2026-09-03 06:05,PASSENGER
PSG-135,2026-09-03,STN_C-STN_D,DN_MAIN,2026-09-03 22:22,2026-09-03 22:30,PASSENGER
PSG-136,2026-09-03,STN_C-STN_D,DN_MAIN,2026-09-03 06:02,2026-09-03 06:17,PASSENGER
PSG-137,2026-09-03,STN_C-STN_D,DN_MAIN,2026-09-03 15:50,2026-09-03 16:05,PASSENGER
PSG-138,2026-09-03,STN_C-STN_D,DN_MAIN,2026-09-03 23:14,2026-09-03 23:26,PASSENGER
PSG-139,2026-09-03,STN_C-STN_D,DN_MAIN,2026-09-03 21:24,2026-09-03 21:36,PASSENGER
PSG-140,2026-09-03,STN_C-STN_D,DN_MAIN,2026-09-03 05:09,2026-09-03 05:24,PASSENGER
PSG-141,2026-09-04,STN_A-STN_B,UP_MAIN,2026-09-04 16:00,2026-09-04 16:15,PASSENGER
PSG-142,2026-09-04,STN_A-STN_B,UP_MAIN,2026-09-04 21:33,2026-09-04 21:45,PASSENGER
PSG-143,2026-09-04,STN_A-STN_B,UP_MAIN,2026-09-04 09:22,2026-09-04 09:30,PASSENGER
PSG-144,2026-09-04,STN_A-STN_B,UP_MAIN,2026-09-04 12:00,2026-09-04 12:08,PASSENGER
PSG-145,2026-09-04,STN_A-STN_B,UP_MAIN,2026-09-04 10:35,2026-09-04 10:50,PASSENGER
PSG-146,2026-09-04,STN_A-STN_B,UP_MAIN,2026-09-04 15:25,2026-09-04 15:33,PASSENGER
PSG-147,2026-09-04,STN_A-STN_B,DN_MAIN,2026-09-04 12:35,2026-09-04 12:47,PASSENGER
PSG-148,2026-09-04,STN_A-STN_B,DN_MAIN,2026-09-04 02:37,2026-09-04 02:45,PASSENGER
PSG-149,2026-09-04,STN_A-STN_B,DN_MAIN,2026-09-04 20:59,2026-09-04 21:14,PASSENGER
PSG-150,2026-09-04,STN_A-STN_B,DN_MAIN,2026-09-04 15:47,2026-09-04 15:55,PASSENGER
PSG-151,2026-09-04,STN_A-STN_B,DN_MAIN,2026-09-04 15:21,2026-09-04 15:31,PASSENGER
PSG-152,2026-09-04,STN_A-STN_B,DN_MAIN,2026-09-04 10:58,2026-09-04 11:13,PASSENGER
PSG-153,2026-09-04,STN_B-STN_C,UP_MAIN,2026-09-04 05:08,2026-09-04 05:16,PASSENGER
PSG-154,2026-09-04,STN_B-STN_C,UP_MAIN,2026-09-04 15:22,2026-09-04 15:30,PASSENGER
PSG-155,2026-09-04,STN_B-STN_C,UP_MAIN,2026-09-04 11:43,2026-09-04 11:51,PASSENGER
PSG-156,2026-09-04,STN_B-STN_C,UP_MAIN,2026-09-04 17:13,2026-09-04 17:23,PASSENGER
PSG-157,2026-09-04,STN_B-STN_C,UP_MAIN,2026-09-04 01:20,2026-09-04 01:30,PASSENGER
PSG-158,2026-09-04,STN_B-STN_C,UP_MAIN,2026-09-04 14:56,2026-09-04 15:11,PASSENGER
PSG-159,2026-09-04,STN_B-STN_C,UP_MAIN,2026-09-04 17:53,2026-09-04 18:03,PASSENGER
PSG-160,2026-09-04,STN_B-STN_C,UP_MAIN,2026-09-04 12:25,2026-09-04 12:37,PASSENGER
PSG-161,2026-09-04,STN_B-STN_C,UP_MAIN,2026-09-04 09:39,2026-09-04 09:54,PASSENGER
PSG-162,2026-09-04,STN_B-STN_C,UP_MAIN,2026-09-04 13:57,2026-09-04 14:09,PASSENGER
PSG-163,2026-09-04,STN_B-STN_C,DN_MAIN,2026-09-04 20:24,2026-09-04 20:32,PASSENGER
PSG-164,2026-09-04,STN_B-STN_C,DN_MAIN,2026-09-04 21:32,2026-09-04 21:44,PASSENGER
PSG-165,2026-09-04,STN_B-STN_C,DN_MAIN,2026-09-04 02:14,2026-09-04 02:26,PASSENGER
PSG-166,2026-09-04,STN_B-STN_C,DN_MAIN,2026-09-04 03:13,2026-09-04 03:28,PASSENGER
PSG-167,2026-09-04,STN_B-STN_C,DN_MAIN,2026-09-04 09:41,2026-09-04 09:53,PASSENGER
PSG-168,2026-09-04,STN_B-STN_C,DN_MAIN,2026-09-04 22:24,2026-09-04 22:34,PASSENGER
PSG-169,2026-09-04,STN_B-STN_C,DN_MAIN,2026-09-04 11:22,2026-09-04 11:30,PASSENGER
PSG-170,2026-09-04,STN_B-STN_C,DN_MAIN,2026-09-04 19:53,2026-09-04 20:03,PASSENGER
PSG-171,2026-09-04,STN_B-STN_C,DN_MAIN,2026-09-04 11:56,2026-09-04 12:08,PASSENGER
PSG-172,2026-09-04,STN_B-STN_C,DN_MAIN,2026-09-04 22:23,2026-09-04 22:38,PASSENGER
PSG-173,2026-09-04,STN_B-STN_C,DN_MAIN,2026-09-04 04:24,2026-09-04 04:32,PASSENGER
PSG-174,2026-09-04,STN_C-STN_D,UP_MAIN,2026-09-04 19:04,2026-09-04 19:19,PASSENGER
PSG-175,2026-09-04,STN_C-STN_D,UP_MAIN,2026-09-04 21:57,2026-09-04 22:09,PASSENGER
PSG-176,2026-09-04,STN_C-STN_D,UP_MAIN,2026-09-04 04:21,2026-09-04 04:29,PASSENGER
PSG-177,2026-09-04,STN_C-STN_D,UP_MAIN,2026-09-04 22:03,2026-09-04 22:18,PASSENGER
PSG-178,2026-09-04,STN_C-STN_D,UP_MAIN,2026-09-04 17:21,2026-09-04 17:33,PASSENGER
PSG-179,2026-09-04,STN_C-STN_D,UP_MAIN,2026-09-04 00:37,2026-09-04 00:49,PASSENGER
PSG-180,2026-09-04,STN_C-STN_D,UP_MAIN,2026-09-04 10:32,2026-09-04 10:42,PASSENGER
PSG-181,2026-09-04,STN_C-STN_D,UP_MAIN,2026-09-04 07:18,2026-09-04 07:30,PASSENGER
PSG-182,2026-09-04,STN_C-STN_D,DN_MAIN,2026-09-04 16:35,2026-09-04 16:45,PASSENGER
PSG-183,2026-09-04,STN_C-STN_D,DN_MAIN,2026-09-04 07:43,2026-09-04 07:53,PASSENGER
PSG-184,2026-09-04,STN_C-STN_D,DN_MAIN,2026-09-04 05:17,2026-09-04 05:25,PASSENGER
PSG-185,2026-09-04,STN_C-STN_D,DN_MAIN,2026-09-04 10:05,2026-09-04 10:13,PASSENGER
PSG-186,2026-09-04,STN_C-STN_D,DN_MAIN,2026-09-04 17:19,2026-09-04 17:27,PASSENGER
PSG-187,2026-09-04,STN_C-STN_D,DN_MAIN,2026-09-04 22:35,2026-09-04 22:47,PASSENGER
PSG-188,2026-09-04,STN_C-STN_D,DN_MAIN,2026-09-04 21:05,2026-09-04 21:15,PASSENGER
PSG-189,2026-09-04,STN_C-STN_D,DN_MAIN,2026-09-04 20:23,2026-09-04 20:38,PASSENGER
PSG-190,2026-09-04,STN_C-STN_D,DN_MAIN,2026-09-04 05:15,2026-09-04 05:25,PASSENGER
PSG-191,2026-09-04,STN_C-STN_D,DN_MAIN,2026-09-04 06:10,2026-09-04 06:20,PASSENGER
PSG-192,2026-09-04,STN_C-STN_D,DN_MAIN,2026-09-04 14:56,2026-09-04 15:04,PASSENGER
PSG-193,2026-09-04,STN_C-STN_D,DN_MAIN,2026-09-04 14:01,2026-09-04 14:13,PASSENGER
PSG-194,2026-09-05,STN_A-STN_B,UP_MAIN,2026-09-05 08:06,2026-09-05 08:21,PASSENGER
PSG-195,2026-09-05,STN_A-STN_B,UP_MAIN,2026-09-05 20:50,2026-09-05 21:02,PASSENGER
PSG-196,2026-09-05,STN_A-STN_B,UP_MAIN,2026-09-05 15:19,2026-09-05 15:29,PASSENGER
PSG-197,2026-09-05,STN_A-STN_B,UP_MAIN,2026-09-05 18:13,2026-09-05 18:23,PASSENGER
PSG-198,2026-09-05,STN_A-STN_B,UP_MAIN,2026-09-05 10:33,2026-09-05 10:48,PASSENGER
PSG-199,2026-09-05,STN_A-STN_B,UP_MAIN,2026-09-05 06:37,2026-09-05 06:49,PASSENGER
PSG-200,2026-09-05,STN_A-STN_B,UP_MAIN,2026-09-05 23:09,2026-09-05 23:24,PASSENGER
PSG-201,2026-09-05,STN_A-STN_B,UP_MAIN,2026-09-05 15:45,2026-09-05 15:57,PASSENGER
PSG-202,2026-09-05,STN_A-STN_B,UP_MAIN,2026-09-05 13:02,2026-09-05 13:17,PASSENGER
PSG-203,2026-09-05,STN_A-STN_B,UP_MAIN,2026-09-05 05:31,2026-09-05 05:41,PASSENGER
PSG-204,2026-09-05,STN_A-STN_B,UP_MAIN,2026-09-05 20:38,2026-09-05 20:48,PASSENGER
PSG-205,2026-09-05,STN_A-STN_B,DN_MAIN,2026-09-05 08:32,2026-09-05 08:40,PASSENGER
PSG-206,2026-09-05,STN_A-STN_B,DN_MAIN,2026-09-05 21:53,2026-09-05 22:08,PASSENGER
PSG-207,2026-09-05,STN_A-STN_B,DN_MAIN,2026-09-05 12:40,2026-09-05 12:48,PASSENGER
PSG-208,2026-09-05,STN_A-STN_B,DN_MAIN,2026-09-05 17:36,2026-09-05 17:44,PASSENGER
PSG-209,2026-09-05,STN_A-STN_B,DN_MAIN,2026-09-05 09:43,2026-09-05 09:51,PASSENGER
PSG-210,2026-09-05,STN_A-STN_B,DN_MAIN,2026-09-05 05:28,2026-09-05 05:40,PASSENGER
PSG-211,2026-09-05,STN_A-STN_B,DN_MAIN,2026-09-05 15:20,2026-09-05 15:30,PASSENGER
PSG-212,2026-09-05,STN_A-STN_B,DN_MAIN,2026-09-05 14:55,2026-09-05 15:03,PASSENGER
PSG-213,2026-09-05,STN_A-STN_B,DN_MAIN,2026-09-05 07:34,2026-09-05 07:49,PASSENGER
PSG-214,2026-09-05,STN_A-STN_B,DN_MAIN,2026-09-05 11:55,2026-09-05 12:03,PASSENGER
PSG-215,2026-09-05,STN_A-STN_B,DN_MAIN,2026-09-05 14:09,2026-09-05 14:17,PASSENGER
PSG-216,2026-09-05,STN_A-STN_B,DN_MAIN,2026-09-05 13:31,2026-09-05 13:43,PASSENGER
PSG-217,2026-09-05,STN_B-STN_C,UP_MAIN,2026-09-05 13:10,2026-09-05 13:18,PASSENGER
PSG-218,2026-09-05,STN_B-STN_C,UP_MAIN,2026-09-05 12:47,2026-09-05 12:57,PASSENGER
PSG-219,2026-09-05,STN_B-STN_C,UP_MAIN,2026-09-05 00:57,2026-09-05 01:09,PASSENGER
PSG-220,2026-09-05,STN_B-STN_C,UP_MAIN,2026-09-05 03:22,2026-09-05 03:34,PASSENGER
PSG-221,2026-09-05,STN_B-STN_C,UP_MAIN,2026-09-05 04:59,2026-09-05 05:09,PASSENGER
PSG-222,2026-09-05,STN_B-STN_C,UP_MAIN,2026-09-05 01:18,2026-09-05 01:30,PASSENGER
PSG-223,2026-09-05,STN_B-STN_C,UP_MAIN,2026-09-05 16:07,2026-09-05 16:17,PASSENGER
PSG-224,2026-09-05,STN_B-STN_C,DN_MAIN,2026-09-05 16:00,2026-09-05 16:15,PASSENGER
PSG-225,2026-09-05,STN_B-STN_C,DN_MAIN,2026-09-05 21:00,2026-09-05 21:08,PASSENGER
PSG-226,2026-09-05,STN_B-STN_C,DN_MAIN,2026-09-05 02:42,2026-09-05 02:50,PASSENGER
PSG-227,2026-09-05,STN_B-STN_C,DN_MAIN,2026-09-05 08:44,2026-09-05 08:54,PASSENGER
PSG-228,2026-09-05,STN_B-STN_C,DN_MAIN,2026-09-05 05:06,2026-09-05 05:21,PASSENGER
PSG-229,2026-09-05,STN_B-STN_C,DN_MAIN,2026-09-05 03:47,2026-09-05 03:59,PASSENGER
PSG-230,2026-09-05,STN_B-STN_C,DN_MAIN,2026-09-05 08:06,2026-09-05 08:18,PASSENGER
PSG-231,2026-09-05,STN_B-STN_C,DN_MAIN,2026-09-05 04:09,2026-09-05 04:17,PASSENGER
PSG-232,2026-09-05,STN_B-STN_C,DN_MAIN,2026-09-05 08:08,2026-09-05 08:23,PASSENGER
PSG-233,2026-09-05,STN_B-STN_C,DN_MAIN,2026-09-05 21:48,2026-09-05 22:03,PASSENGER
PSG-234,2026-09-05,STN_B-STN_C,DN_MAIN,2026-09-05 02:08,2026-09-05 02:16,PASSENGER
PSG-235,2026-09-05,STN_B-STN_C,DN_MAIN,2026-09-05 17:03,2026-09-05 17:11,PASSENGER
PSG-236,2026-09-05,STN_C-STN_D,UP_MAIN,2026-09-05 17:35,2026-09-05 17:45,PASSENGER
PSG-237,2026-09-05,STN_C-STN_D,UP_MAIN,2026-09-05 04:54,2026-09-05 05:06,PASSENGER
PSG-238,2026-09-05,STN_C-STN_D,UP_MAIN,2026-09-05 14:39,2026-09-05 14:47,PASSENGER
PSG-239,2026-09-05,STN_C-STN_D,UP_MAIN,2026-09-05 20:59,2026-09-05 21:11,PASSENGER
PSG-240,2026-09-05,STN_C-STN_D,UP_MAIN,2026-09-05 08:12,2026-09-05 08:27,PASSENGER
PSG-241,2026-09-05,STN_C-STN_D,UP_MAIN,2026-09-05 06:23,2026-09-05 06:31,PASSENGER
PSG-242,2026-09-05,STN_C-STN_D,UP_MAIN,2026-09-05 17:52,2026-09-05 18:04,PASSENGER
PSG-243,2026-09-05,STN_C-STN_D,UP_MAIN,2026-09-05 02:18,2026-09-05 02:26,PASSENGER
PSG-244,2026-09-05,STN_C-STN_D,UP_MAIN,2026-09-05 13:19,2026-09-05 13:34,PASSENGER
PSG-245,2026-09-05,STN_C-STN_D,UP_MAIN,2026-09-05 01:29,2026-09-05 01:44,PASSENGER
PSG-246,2026-09-05,STN_C-STN_D,UP_MAIN,2026-09-05 12:44,2026-09-05 12:56,PASSENGER
PSG-247,2026-09-05,STN_C-STN_D,DN_MAIN,2026-09-05 00:33,2026-09-05 00:45,PASSENGER
PSG-248,2026-09-05,STN_C-STN_D,DN_MAIN,2026-09-05 02:18,2026-09-05 02:30,PASSENGER
PSG-249,2026-09-05,STN_C-STN_D,DN_MAIN,2026-09-05 08:13,2026-09-05 08:21,PASSENGER
PSG-250,2026-09-05,STN_C-STN_D,DN_MAIN,2026-09-05 19:51,2026-09-05 20:03,PASSENGER
PSG-251,2026-09-05,STN_C-STN_D,DN_MAIN,2026-09-05 04:33,2026-09-05 04:41,PASSENGER
PSG-252,2026-09-05,STN_C-STN_D,DN_MAIN,2026-09-05 12:01,2026-09-05 12:13,PASSENGER
PSG-253,2026-09-05,STN_C-STN_D,DN_MAIN,2026-09-05 21:56,2026-09-05 22:06,PASSENGER
PSG-254,2026-09-05,STN_C-STN_D,DN_MAIN,2026-09-05 23:22,2026-09-05 23:37,PASSENGER
PSG-255,2026-09-05,STN_C-STN_D,DN_MAIN,2026-09-05 23:44,2026-09-05 23:59,PASSENGER
PSG-256,2026-09-05,STN_C-STN_D,DN_MAIN,2026-09-05 21:33,2026-09-05 21:43,PASSENGER
PSG-257,2026-09-05,STN_C-STN_D,DN_MAIN,2026-09-05 04:36,2026-09-05 04:44,PASSENGER
PSG-258,2026-09-06,STN_A-STN_B,UP_MAIN,2026-09-06 15:37,2026-09-06 15:45,PASSENGER
PSG-259,2026-09-06,STN_A-STN_B,UP_MAIN,2026-09-06 10:00,2026-09-06 10:10,PASSENGER
PSG-260,2026-09-06,STN_A-STN_B,UP_MAIN,2026-09-06 01:29,2026-09-06 01:39,PASSENGER
PSG-261,2026-09-06,STN_A-STN_B,UP_MAIN,2026-09-06 01:25,2026-09-06 01:37,PASSENGER
PSG-262,2026-09-06,STN_A-STN_B,UP_MAIN,2026-09-06 10:35,2026-09-06 10:50,PASSENGER
PSG-263,2026-09-06,STN_A-STN_B,UP_MAIN,2026-09-06 18:32,2026-09-06 18:47,PASSENGER
PSG-264,2026-09-06,STN_A-STN_B,UP_MAIN,2026-09-06 08:38,2026-09-06 08:46,PASSENGER
PSG-265,2026-09-06,STN_A-STN_B,UP_MAIN,2026-09-06 22:04,2026-09-06 22:14,PASSENGER
PSG-266,2026-09-06,STN_A-STN_B,UP_MAIN,2026-09-06 09:45,2026-09-06 09:57,PASSENGER
PSG-267,2026-09-06,STN_A-STN_B,UP_MAIN,2026-09-06 01:37,2026-09-06 01:49,PASSENGER
PSG-268,2026-09-06,STN_A-STN_B,UP_MAIN,2026-09-06 09:19,2026-09-06 09:27,PASSENGER
PSG-269,2026-09-06,STN_A-STN_B,DN_MAIN,2026-09-06 12:33,2026-09-06 12:48,PASSENGER
PSG-270,2026-09-06,STN_A-STN_B,DN_MAIN,2026-09-06 13:39,2026-09-06 13:54,PASSENGER
PSG-271,2026-09-06,STN_A-STN_B,DN_MAIN,2026-09-06 13:11,2026-09-06 13:23,PASSENGER
PSG-272,2026-09-06,STN_A-STN_B,DN_MAIN,2026-09-06 06:22,2026-09-06 06:37,PASSENGER
PSG-273,2026-09-06,STN_A-STN_B,DN_MAIN,2026-09-06 23:37,2026-09-06 23:52,PASSENGER
PSG-274,2026-09-06,STN_A-STN_B,DN_MAIN,2026-09-06 12:32,2026-09-06 12:44,PASSENGER
PSG-275,2026-09-06,STN_A-STN_B,DN_MAIN,2026-09-06 02:49,2026-09-06 03:04,PASSENGER
PSG-276,2026-09-06,STN_A-STN_B,DN_MAIN,2026-09-06 02:41,2026-09-06 02:56,PASSENGER
PSG-277,2026-09-06,STN_A-STN_B,DN_MAIN,2026-09-06 20:33,2026-09-06 20:43,PASSENGER
PSG-278,2026-09-06,STN_A-STN_B,DN_MAIN,2026-09-06 18:37,2026-09-06 18:49,PASSENGER
PSG-279,2026-09-06,STN_A-STN_B,DN_MAIN,2026-09-06 10:57,2026-09-06 11:05,PASSENGER
PSG-280,2026-09-06,STN_A-STN_B,DN_MAIN,2026-09-06 02:43,2026-09-06 02:55,PASSENGER
PSG-281,2026-09-06,STN_B-STN_C,UP_MAIN,2026-09-06 10:05,2026-09-06 10:17,PASSENGER
PSG-282,2026-09-06,STN_B-STN_C,UP_MAIN,2026-09-06 15:13,2026-09-06 15:28,PASSENGER
PSG-283,2026-09-06,STN_B-STN_C,UP_MAIN,2026-09-06 05:41,2026-09-06 05:56,PASSENGER
PSG-284,2026-09-06,STN_B-STN_C,UP_MAIN,2026-09-06 11:59,2026-09-06 12:14,PASSENGER
PSG-285,2026-09-06,STN_B-STN_C,UP_MAIN,2026-09-06 01:26,2026-09-06 01:38,PASSENGER
PSG-286,2026-09-06,STN_B-STN_C,UP_MAIN,2026-09-06 20:59,2026-09-06 21:14,PASSENGER
PSG-287,2026-09-06,STN_B-STN_C,UP_MAIN,2026-09-06 09:22,2026-09-06 09:30,PASSENGER
PSG-288,2026-09-06,STN_B-STN_C,UP_MAIN,2026-09-06 02:33,2026-09-06 02:48,PASSENGER
PSG-289,2026-09-06,STN_B-STN_C,UP_MAIN,2026-09-06 12:24,2026-09-06 12:34,PASSENGER
PSG-290,2026-09-06,STN_B-STN_C,UP_MAIN,2026-09-06 01:03,2026-09-06 01:13,PASSENGER
PSG-291,2026-09-06,STN_B-STN_C,UP_MAIN,2026-09-06 20:44,2026-09-06 20:59,PASSENGER
PSG-292,2026-09-06,STN_B-STN_C,DN_MAIN,2026-09-06 04:18,2026-09-06 04:26,PASSENGER
PSG-293,2026-09-06,STN_B-STN_C,DN_MAIN,2026-09-06 08:03,2026-09-06 08:15,PASSENGER
PSG-294,2026-09-06,STN_B-STN_C,DN_MAIN,2026-09-06 12:21,2026-09-06 12:36,PASSENGER
PSG-295,2026-09-06,STN_B-STN_C,DN_MAIN,2026-09-06 19:21,2026-09-06 19:29,PASSENGER
PSG-296,2026-09-06,STN_B-STN_C,DN_MAIN,2026-09-06 20:39,2026-09-06 20:49,PASSENGER
PSG-297,2026-09-06,STN_B-STN_C,DN_MAIN,2026-09-06 23:10,2026-09-06 23:25,PASSENGER
PSG-298,2026-09-06,STN_C-STN_D,UP_MAIN,2026-09-06 12:41,2026-09-06 12:56,PASSENGER
PSG-299,2026-09-06,STN_C-STN_D,UP_MAIN,2026-09-06 02:37,2026-09-06 02:47,PASSENGER
PSG-300,2026-09-06,STN_C-STN_D,UP_MAIN,2026-09-06 18:04,2026-09-06 18:16,PASSENGER
PSG-301,2026-09-06,STN_C-STN_D,UP_MAIN,2026-09-06 13:35,2026-09-06 13:47,PASSENGER
PSG-302,2026-09-06,STN_C-STN_D,UP_MAIN,2026-09-06 22:10,2026-09-06 22:22,PASSENGER
PSG-303,2026-09-06,STN_C-STN_D,UP_MAIN,2026-09-06 08:31,2026-09-06 08:39,PASSENGER
PSG-304,2026-09-06,STN_C-STN_D,UP_MAIN,2026-09-06 00:53,2026-09-06 01:03,PASSENGER
PSG-305,2026-09-06,STN_C-STN_D,UP_MAIN,2026-09-06 17:02,2026-09-06 17:17,PASSENGER
PSG-306,2026-09-06,STN_C-STN_D,DN_MAIN,2026-09-06 04:01,2026-09-06 04:13,PASSENGER
PSG-307,2026-09-06,STN_C-STN_D,DN_MAIN,2026-09-06 08:53,2026-09-06 09:08,PASSENGER
PSG-308,2026-09-06,STN_C-STN_D,DN_MAIN,2026-09-06 07:19,2026-09-06 07:31,PASSENGER
PSG-309,2026-09-06,STN_C-STN_D,DN_MAIN,2026-09-06 23:41,2026-09-06 23:56,PASSENGER
PSG-310,2026-09-06,STN_C-STN_D,DN_MAIN,2026-09-06 06:49,2026-09-06 06:57,PASSENGER
PSG-311,2026-09-06,STN_C-STN_D,DN_MAIN,2026-09-06 04:37,2026-09-06 04:45,PASSENGER
PSG-312,2026-09-06,STN_C-STN_D,DN_MAIN,2026-09-06 15:25,2026-09-06 15:35,PASSENGER
PSG-313,2026-09-06,STN_C-STN_D,DN_MAIN,2026-09-06 15:11,2026-09-06 15:19,PASSENGER
PSG-314,2026-09-06,STN_C-STN_D,DN_MAIN,2026-09-06 23:16,2026-09-06 23:28,PASSENGER
PSG-315,2026-09-06,STN_C-STN_D,DN_MAIN,2026-09-06 22:47,2026-09-06 22:59,PASSENGER
PSG-316,2026-09-07,STN_A-STN_B,UP_MAIN,2026-09-07 02:12,2026-09-07 02:24,PASSENGER
PSG-317,2026-09-07,STN_A-STN_B,UP_MAIN,2026-09-07 10:14,2026-09-07 10:24,PASSENGER
PSG-318,2026-09-07,STN_A-STN_B,UP_MAIN,2026-09-07 23:54,2026-09-08 00:04,PASSENGER
PSG-319,2026-09-07,STN_A-STN_B,UP_MAIN,2026-09-07 12:20,2026-09-07 12:30,PASSENGER
PSG-320,2026-09-07,STN_A-STN_B,UP_MAIN,2026-09-07 04:08,2026-09-07 04:18,PASSENGER
PSG-321,2026-09-07,STN_A-STN_B,UP_MAIN,2026-09-07 04:44,2026-09-07 04:54,PASSENGER
PSG-322,2026-09-07,STN_A-STN_B,UP_MAIN,2026-09-07 16:51,2026-09-07 16:59,PASSENGER
PSG-323,2026-09-07,STN_A-STN_B,UP_MAIN,2026-09-07 12:19,2026-09-07 12:31,PASSENGER
PSG-324,2026-09-07,STN_A-STN_B,UP_MAIN,2026-09-07 15:57,2026-09-07 16:07,PASSENGER
PSG-325,2026-09-07,STN_A-STN_B,UP_MAIN,2026-09-07 20:53,2026-09-07 21:01,PASSENGER
PSG-326,2026-09-07,STN_A-STN_B,UP_MAIN,2026-09-07 02:14,2026-09-07 02:26,PASSENGER
PSG-327,2026-09-07,STN_A-STN_B,DN_MAIN,2026-09-07 16:20,2026-09-07 16:35,PASSENGER
PSG-328,2026-09-07,STN_A-STN_B,DN_MAIN,2026-09-07 13:58,2026-09-07 14:06,PASSENGER
PSG-329,2026-09-07,STN_A-STN_B,DN_MAIN,2026-09-07 04:16,2026-09-07 04:28,PASSENGER
PSG-330,2026-09-07,STN_A-STN_B,DN_MAIN,2026-09-07 21:55,2026-09-07 22:03,PASSENGER
PSG-331,2026-09-07,STN_A-STN_B,DN_MAIN,2026-09-07 15:21,2026-09-07 15:36,PASSENGER
PSG-332,2026-09-07,STN_A-STN_B,DN_MAIN,2026-09-07 23:12,2026-09-07 23:24,PASSENGER
PSG-333,2026-09-07,STN_A-STN_B,DN_MAIN,2026-09-07 04:22,2026-09-07 04:32,PASSENGER
PSG-334,2026-09-07,STN_A-STN_B,DN_MAIN,2026-09-07 04:24,2026-09-07 04:39,PASSENGER
PSG-335,2026-09-07,STN_A-STN_B,DN_MAIN,2026-09-07 17:09,2026-09-07 17:17,PASSENGER
PSG-336,2026-09-07,STN_B-STN_C,UP_MAIN,2026-09-07 04:14,2026-09-07 04:24,PASSENGER
PSG-337,2026-09-07,STN_B-STN_C,UP_MAIN,2026-09-07 10:22,2026-09-07 10:32,PASSENGER
PSG-338,2026-09-07,STN_B-STN_C,UP_MAIN,2026-09-07 05:31,2026-09-07 05:43,PASSENGER
PSG-339,2026-09-07,STN_B-STN_C,UP_MAIN,2026-09-07 07:41,2026-09-07 07:53,PASSENGER
PSG-340,2026-09-07,STN_B-STN_C,UP_MAIN,2026-09-07 17:42,2026-09-07 17:54,PASSENGER
PSG-341,2026-09-07,STN_B-STN_C,UP_MAIN,2026-09-07 02:41,2026-09-07 02:53,PASSENGER
PSG-342,2026-09-07,STN_B-STN_C,UP_MAIN,2026-09-07 06:42,2026-09-07 06:54,PASSENGER
PSG-343,2026-09-07,STN_B-STN_C,UP_MAIN,2026-09-07 04:16,2026-09-07 04:28,PASSENGER
PSG-344,2026-09-07,STN_B-STN_C,UP_MAIN,2026-09-07 20:58,2026-09-07 21:06,PASSENGER
PSG-345,2026-09-07,STN_B-STN_C,UP_MAIN,2026-09-07 17:09,2026-09-07 17:19,PASSENGER
PSG-346,2026-09-07,STN_B-STN_C,UP_MAIN,2026-09-07 20:12,2026-09-07 20:22,PASSENGER
PSG-347,2026-09-07,STN_B-STN_C,UP_MAIN,2026-09-07 05:50,2026-09-07 06:02,PASSENGER
PSG-348,2026-09-07,STN_B-STN_C,DN_MAIN,2026-09-07 19:14,2026-09-07 19:22,PASSENGER
PSG-349,2026-09-07,STN_B-STN_C,DN_MAIN,2026-09-07 00:58,2026-09-07 01:06,PASSENGER
PSG-350,2026-09-07,STN_B-STN_C,DN_MAIN,2026-09-07 01:33,2026-09-07 01:45,PASSENGER
PSG-351,2026-09-07,STN_B-STN_C,DN_MAIN,2026-09-07 22:13,2026-09-07 22:23,PASSENGER
PSG-352,2026-09-07,STN_B-STN_C,DN_MAIN,2026-09-07 19:31,2026-09-07 19:46,PASSENGER
PSG-353,2026-09-07,STN_B-STN_C,DN_MAIN,2026-09-07 21:05,2026-09-07 21:13,PASSENGER
PSG-354,2026-09-07,STN_B-STN_C,DN_MAIN,2026-09-07 16:59,2026-09-07 17:11,PASSENGER
PSG-355,2026-09-07,STN_B-STN_C,DN_MAIN,2026-09-07 21:54,2026-09-07 22:06,PASSENGER
PSG-356,2026-09-07,STN_B-STN_C,DN_MAIN,2026-09-07 16:29,2026-09-07 16:39,PASSENGER
PSG-357,2026-09-07,STN_B-STN_C,DN_MAIN,2026-09-07 23:22,2026-09-07 23:37,PASSENGER
PSG-358,2026-09-07,STN_B-STN_C,DN_MAIN,2026-09-07 10:09,2026-09-07 10:24,PASSENGER
PSG-359,2026-09-07,STN_B-STN_C,DN_MAIN,2026-09-07 02:29,2026-09-07 02:37,PASSENGER
PSG-360,2026-09-07,STN_C-STN_D,UP_MAIN,2026-09-07 15:00,2026-09-07 15:15,PASSENGER
PSG-361,2026-09-07,STN_C-STN_D,UP_MAIN,2026-09-07 16:31,2026-09-07 16:46,PASSENGER
PSG-362,2026-09-07,STN_C-STN_D,UP_MAIN,2026-09-07 06:57,2026-09-07 07:09,PASSENGER
PSG-363,2026-09-07,STN_C-STN_D,UP_MAIN,2026-09-07 20:42,2026-09-07 20:52,PASSENGER
PSG-364,2026-09-07,STN_C-STN_D,UP_MAIN,2026-09-07 10:40,2026-09-07 10:52,PASSENGER
PSG-365,2026-09-07,STN_C-STN_D,UP_MAIN,2026-09-07 11:47,2026-09-07 12:02,PASSENGER
PSG-366,2026-09-07,STN_C-STN_D,UP_MAIN,2026-09-07 04:27,2026-09-07 04:39,PASSENGER
PSG-367,2026-09-07,STN_C-STN_D,DN_MAIN,2026-09-07 19:10,2026-09-07 19:18,PASSENGER
PSG-368,2026-09-07,STN_C-STN_D,DN_MAIN,2026-09-07 10:53,2026-09-07 11:03,PASSENGER
PSG-369,2026-09-07,STN_C-STN_D,DN_MAIN,2026-09-07 15:55,2026-09-07 16:03,PASSENGER
PSG-370,2026-09-07,STN_C-STN_D,DN_MAIN,2026-09-07 09:07,2026-09-07 09:22,PASSENGER
PSG-371,2026-09-07,STN_C-STN_D,DN_MAIN,2026-09-07 08:27,2026-09-07 08:37,PASSENGER
PSG-372,2026-09-07,STN_C-STN_D,DN_MAIN,2026-09-07 03:18,2026-09-07 03:26,PASSENGER
PSG-373,2026-09-07,STN_C-STN_D,DN_MAIN,2026-09-07 09:54,2026-09-07 10:09,PASSENGER
PSG-374,2026-09-07,STN_C-STN_D,DN_MAIN,2026-09-07 21:00,2026-09-07 21:15,PASSENGER
PSG-375,2026-09-07,STN_C-STN_D,DN_MAIN,2026-09-07 08:28,2026-09-07 08:38,PASSENGER
PSG-376,2026-09-07,STN_C-STN_D,DN_MAIN,2026-09-07 11:10,2026-09-07 11:22,PASSENGER
PSG-377,2026-09-08,STN_A-STN_B,UP_MAIN,2026-09-08 05:26,2026-09-08 05:41,PASSENGER
PSG-378,2026-09-08,STN_A-STN_B,UP_MAIN,2026-09-08 17:34,2026-09-08 17:49,PASSENGER
PSG-379,2026-09-08,STN_A-STN_B,UP_MAIN,2026-09-08 17:01,2026-09-08 17:13,PASSENGER
PSG-380,2026-09-08,STN_A-STN_B,UP_MAIN,2026-09-08 16:58,2026-09-08 17:06,PASSENGER
PSG-381,2026-09-08,STN_A-STN_B,UP_MAIN,2026-09-08 03:04,2026-09-08 03:19,PASSENGER
PSG-382,2026-09-08,STN_A-STN_B,UP_MAIN,2026-09-08 17:15,2026-09-08 17:30,PASSENGER
PSG-383,2026-09-08,STN_A-STN_B,UP_MAIN,2026-09-08 08:13,2026-09-08 08:23,PASSENGER
PSG-384,2026-09-08,STN_A-STN_B,DN_MAIN,2026-09-08 12:02,2026-09-08 12:10,PASSENGER
PSG-385,2026-09-08,STN_A-STN_B,DN_MAIN,2026-09-08 01:43,2026-09-08 01:55,PASSENGER
PSG-386,2026-09-08,STN_A-STN_B,DN_MAIN,2026-09-08 16:53,2026-09-08 17:08,PASSENGER
PSG-387,2026-09-08,STN_A-STN_B,DN_MAIN,2026-09-08 09:45,2026-09-08 09:53,PASSENGER
PSG-388,2026-09-08,STN_A-STN_B,DN_MAIN,2026-09-08 03:40,2026-09-08 03:55,PASSENGER
PSG-389,2026-09-08,STN_A-STN_B,DN_MAIN,2026-09-08 04:34,2026-09-08 04:46,PASSENGER
PSG-390,2026-09-08,STN_A-STN_B,DN_MAIN,2026-09-08 12:29,2026-09-08 12:44,PASSENGER
PSG-391,2026-09-08,STN_A-STN_B,DN_MAIN,2026-09-08 12:29,2026-09-08 12:37,PASSENGER
PSG-392,2026-09-08,STN_A-STN_B,DN_MAIN,2026-09-08 13:40,2026-09-08 13:48,PASSENGER
PSG-393,2026-09-08,STN_A-STN_B,DN_MAIN,2026-09-08 19:27,2026-09-08 19:37,PASSENGER
PSG-394,2026-09-08,STN_B-STN_C,UP_MAIN,2026-09-08 18:53,2026-09-08 19:05,PASSENGER
PSG-395,2026-09-08,STN_B-STN_C,UP_MAIN,2026-09-08 02:30,2026-09-08 02:45,PASSENGER
PSG-396,2026-09-08,STN_B-STN_C,UP_MAIN,2026-09-08 17:12,2026-09-08 17:27,PASSENGER
PSG-397,2026-09-08,STN_B-STN_C,UP_MAIN,2026-09-08 18:46,2026-09-08 18:58,PASSENGER
PSG-398,2026-09-08,STN_B-STN_C,UP_MAIN,2026-09-08 21:16,2026-09-08 21:24,PASSENGER
PSG-399,2026-09-08,STN_B-STN_C,UP_MAIN,2026-09-08 04:23,2026-09-08 04:31,PASSENGER
PSG-400,2026-09-08,STN_B-STN_C,UP_MAIN,2026-09-08 13:26,2026-09-08 13:38,PASSENGER
PSG-401,2026-09-08,STN_B-STN_C,UP_MAIN,2026-09-08 11:34,2026-09-08 11:46,PASSENGER
PSG-402,2026-09-08,STN_B-STN_C,DN_MAIN,2026-09-08 04:55,2026-09-08 05:05,PASSENGER
PSG-403,2026-09-08,STN_B-STN_C,DN_MAIN,2026-09-08 20:33,2026-09-08 20:48,PASSENGER
PSG-404,2026-09-08,STN_B-STN_C,DN_MAIN,2026-09-08 17:04,2026-09-08 17:12,PASSENGER
PSG-405,2026-09-08,STN_B-STN_C,DN_MAIN,2026-09-08 01:32,2026-09-08 01:40,PASSENGER
PSG-406,2026-09-08,STN_B-STN_C,DN_MAIN,2026-09-08 04:40,2026-09-08 04:52,PASSENGER
PSG-407,2026-09-08,STN_B-STN_C,DN_MAIN,2026-09-08 16:10,2026-09-08 16:25,PASSENGER
PSG-408,2026-09-08,STN_B-STN_C,DN_MAIN,2026-09-08 05:05,2026-09-08 05:15,PASSENGER
PSG-409,2026-09-08,STN_B-STN_C,DN_MAIN,2026-09-08 11:11,2026-09-08 11:23,PASSENGER
PSG-410,2026-09-08,STN_B-STN_C,DN_MAIN,2026-09-08 05:32,2026-09-08 05:47,PASSENGER
PSG-411,2026-09-08,STN_B-STN_C,DN_MAIN,2026-09-08 21:02,2026-09-08 21:14,PASSENGER
PSG-412,2026-09-08,STN_B-STN_C,DN_MAIN,2026-09-08 20:15,2026-09-08 20:27,PASSENGER
PSG-413,2026-09-08,STN_B-STN_C,DN_MAIN,2026-09-08 17:18,2026-09-08 17:33,PASSENGER
PSG-414,2026-09-08,STN_C-STN_D,UP_MAIN,2026-09-08 19:12,2026-09-08 19:24,PASSENGER
PSG-415,2026-09-08,STN_C-STN_D,UP_MAIN,2026-09-08 16:12,2026-09-08 16:20,PASSENGER
PSG-416,2026-09-08,STN_C-STN_D,UP_MAIN,2026-09-08 12:34,2026-09-08 12:46,PASSENGER
PSG-417,2026-09-08,STN_C-STN_D,UP_MAIN,2026-09-08 22:59,2026-09-08 23:07,PASSENGER
PSG-418,2026-09-08,STN_C-STN_D,UP_MAIN,2026-09-08 14:13,2026-09-08 14:25,PASSENGER
PSG-419,2026-09-08,STN_C-STN_D,UP_MAIN,2026-09-08 23:29,2026-09-08 23:37,PASSENGER
PSG-420,2026-09-08,STN_C-STN_D,UP_MAIN,2026-09-08 20:22,2026-09-08 20:37,PASSENGER
PSG-421,2026-09-08,STN_C-STN_D,UP_MAIN,2026-09-08 09:03,2026-09-08 09:13,PASSENGER
PSG-422,2026-09-08,STN_C-STN_D,UP_MAIN,2026-09-08 01:45,2026-09-08 02:00,PASSENGER
PSG-423,2026-09-08,STN_C-STN_D,UP_MAIN,2026-09-08 05:49,2026-09-08 06:04,PASSENGER
PSG-424,2026-09-08,STN_C-STN_D,UP_MAIN,2026-09-08 05:02,2026-09-08 05:12,PASSENGER
PSG-425,2026-09-08,STN_C-STN_D,DN_MAIN,2026-09-08 19:32,2026-09-08 19:40,PASSENGER
PSG-426,2026-09-08,STN_C-STN_D,DN_MAIN,2026-09-08 06:30,2026-09-08 06:38,PASSENGER
PSG-427,2026-09-08,STN_C-STN_D,DN_MAIN,2026-09-08 15:03,2026-09-08 15:15,PASSENGER
PSG-428,2026-09-08,STN_C-STN_D,DN_MAIN,2026-09-08 14:17,2026-09-08 14:27,PASSENGER
PSG-429,2026-09-08,STN_C-STN_D,DN_MAIN,2026-09-08 14:05,2026-09-08 14:15,PASSENGER
PSG-430,2026-09-08,STN_C-STN_D,DN_MAIN,2026-09-08 14:00,2026-09-08 14:15,PASSENGER
PSG-431,2026-09-09,STN_A-STN_B,UP_MAIN,2026-09-09 02:07,2026-09-09 02:17,PASSENGER
PSG-432,2026-09-09,STN_A-STN_B,UP_MAIN,2026-09-09 17:42,2026-09-09 17:52,PASSENGER
PSG-433,2026-09-09,STN_A-STN_B,UP_MAIN,2026-09-09 19:08,2026-09-09 19:20,PASSENGER
PSG-434,2026-09-09,STN_A-STN_B,UP_MAIN,2026-09-09 22:36,2026-09-09 22:51,PASSENGER
PSG-435,2026-09-09,STN_A-STN_B,UP_MAIN,2026-09-09 17:56,2026-09-09 18:11,PASSENGER
PSG-436,2026-09-09,STN_A-STN_B,UP_MAIN,2026-09-09 10:42,2026-09-09 10:52,PASSENGER
PSG-437,2026-09-09,STN_A-STN_B,UP_MAIN,2026-09-09 15:41,2026-09-09 15:53,PASSENGER
PSG-438,2026-09-09,STN_A-STN_B,UP_MAIN,2026-09-09 18:38,2026-09-09 18:50,PASSENGER
PSG-439,2026-09-09,STN_A-STN_B,UP_MAIN,2026-09-09 23:04,2026-09-09 23:16,PASSENGER
PSG-440,2026-09-09,STN_A-STN_B,UP_MAIN,2026-09-09 20:49,2026-09-09 21:04,PASSENGER
PSG-441,2026-09-09,STN_A-STN_B,UP_MAIN,2026-09-09 06:33,2026-09-09 06:43,PASSENGER
PSG-442,2026-09-09,STN_A-STN_B,UP_MAIN,2026-09-09 09:31,2026-09-09 09:43,PASSENGER
PSG-443,2026-09-09,STN_A-STN_B,DN_MAIN,2026-09-09 10:09,2026-09-09 10:21,PASSENGER
PSG-444,2026-09-09,STN_A-STN_B,DN_MAIN,2026-09-09 07:04,2026-09-09 07:19,PASSENGER
PSG-445,2026-09-09,STN_A-STN_B,DN_MAIN,2026-09-09 10:49,2026-09-09 11:04,PASSENGER
PSG-446,2026-09-09,STN_A-STN_B,DN_MAIN,2026-09-09 11:54,2026-09-09 12:06,PASSENGER
PSG-447,2026-09-09,STN_A-STN_B,DN_MAIN,2026-09-09 09:49,2026-09-09 09:57,PASSENGER
PSG-448,2026-09-09,STN_A-STN_B,DN_MAIN,2026-09-09 19:34,2026-09-09 19:49,PASSENGER
PSG-449,2026-09-09,STN_A-STN_B,DN_MAIN,2026-09-09 13:28,2026-09-09 13:40,PASSENGER
PSG-450,2026-09-09,STN_B-STN_C,UP_MAIN,2026-09-09 04:59,2026-09-09 05:11,PASSENGER
PSG-451,2026-09-09,STN_B-STN_C,UP_MAIN,2026-09-09 01:26,2026-09-09 01:38,PASSENGER
PSG-452,2026-09-09,STN_B-STN_C,UP_MAIN,2026-09-09 02:41,2026-09-09 02:53,PASSENGER
PSG-453,2026-09-09,STN_B-STN_C,UP_MAIN,2026-09-09 15:05,2026-09-09 15:17,PASSENGER
PSG-454,2026-09-09,STN_B-STN_C,UP_MAIN,2026-09-09 16:21,2026-09-09 16:31,PASSENGER
PSG-455,2026-09-09,STN_B-STN_C,UP_MAIN,2026-09-09 06:53,2026-09-09 07:05,PASSENGER
PSG-456,2026-09-09,STN_B-STN_C,UP_MAIN,2026-09-09 19:11,2026-09-09 19:23,PASSENGER
PSG-457,2026-09-09,STN_B-STN_C,UP_MAIN,2026-09-09 04:41,2026-09-09 04:49,PASSENGER
PSG-458,2026-09-09,STN_B-STN_C,UP_MAIN,2026-09-09 21:00,2026-09-09 21:10,PASSENGER
PSG-459,2026-09-09,STN_B-STN_C,UP_MAIN,2026-09-09 08:16,2026-09-09 08:24,PASSENGER
PSG-460,2026-09-09,STN_B-STN_C,UP_MAIN,2026-09-09 22:51,2026-09-09 23:01,PASSENGER
PSG-461,2026-09-09,STN_B-STN_C,UP_MAIN,2026-09-09 21:46,2026-09-09 21:56,PASSENGER
PSG-462,2026-09-09,STN_B-STN_C,DN_MAIN,2026-09-09 03:25,2026-09-09 03:40,PASSENGER
PSG-463,2026-09-09,STN_B-STN_C,DN_MAIN,2026-09-09 11:16,2026-09-09 11:31,PASSENGER
PSG-464,2026-09-09,STN_B-STN_C,DN_MAIN,2026-09-09 03:25,2026-09-09 03:35,PASSENGER
PSG-465,2026-09-09,STN_B-STN_C,DN_MAIN,2026-09-09 00:10,2026-09-09 00:20,PASSENGER
PSG-466,2026-09-09,STN_B-STN_C,DN_MAIN,2026-09-09 13:53,2026-09-09 14:08,PASSENGER
PSG-467,2026-09-09,STN_B-STN_C,DN_MAIN,2026-09-09 16:17,2026-09-09 16:27,PASSENGER
PSG-468,2026-09-09,STN_C-STN_D,UP_MAIN,2026-09-09 09:48,2026-09-09 10:00,PASSENGER
PSG-469,2026-09-09,STN_C-STN_D,UP_MAIN,2026-09-09 09:44,2026-09-09 09:52,PASSENGER
PSG-470,2026-09-09,STN_C-STN_D,UP_MAIN,2026-09-09 03:03,2026-09-09 03:13,PASSENGER
PSG-471,2026-09-09,STN_C-STN_D,UP_MAIN,2026-09-09 18:15,2026-09-09 18:23,PASSENGER
PSG-472,2026-09-09,STN_C-STN_D,UP_MAIN,2026-09-09 05:58,2026-09-09 06:13,PASSENGER
PSG-473,2026-09-09,STN_C-STN_D,UP_MAIN,2026-09-09 06:00,2026-09-09 06:08,PASSENGER
PSG-474,2026-09-09,STN_C-STN_D,UP_MAIN,2026-09-09 13:33,2026-09-09 13:48,PASSENGER
PSG-475,2026-09-09,STN_C-STN_D,UP_MAIN,2026-09-09 06:21,2026-09-09 06:33,PASSENGER
PSG-476,2026-09-09,STN_C-STN_D,UP_MAIN,2026-09-09 01:16,2026-09-09 01:24,PASSENGER
PSG-477,2026-09-09,STN_C-STN_D,UP_MAIN,2026-09-09 10:11,2026-09-09 10:19,PASSENGER
PSG-478,2026-09-09,STN_C-STN_D,UP_MAIN,2026-09-09 11:26,2026-09-09 11:38,PASSENGER
PSG-479,2026-09-09,STN_C-STN_D,UP_MAIN,2026-09-09 15:30,2026-09-09 15:45,PASSENGER
PSG-480,2026-09-09,STN_C-STN_D,DN_MAIN,2026-09-09 17:12,2026-09-09 17:27,PASSENGER
PSG-481,2026-09-09,STN_C-STN_D,DN_MAIN,2026-09-09 09:18,2026-09-09 09:28,PASSENGER
PSG-482,2026-09-09,STN_C-STN_D,DN_MAIN,2026-09-09 03:50,2026-09-09 04:02,PASSENGER
PSG-483,2026-09-09,STN_C-STN_D,DN_MAIN,2026-09-09 05:32,2026-09-09 05:47,PASSENGER
PSG-484,2026-09-09,STN_C-STN_D,DN_MAIN,2026-09-09 22:07,2026-09-09 22:19,PASSENGER
PSG-485,2026-09-09,STN_C-STN_D,DN_MAIN,2026-09-09 06:21,2026-09-09 06:29,PASSENGER
PSG-486,2026-09-09,STN_C-STN_D,DN_MAIN,2026-09-09 11:30,2026-09-09 11:42,PASSENGER
PSG-487,2026-09-10,STN_A-STN_B,UP_MAIN,2026-09-10 23:01,2026-09-10 23:11,PASSENGER
PSG-488,2026-09-10,STN_A-STN_B,UP_MAIN,2026-09-10 05:59,2026-09-10 06:14,PASSENGER
PSG-489,2026-09-10,STN_A-STN_B,UP_MAIN,2026-09-10 14:35,2026-09-10 14:47,PASSENGER
PSG-490,2026-09-10,STN_A-STN_B,UP_MAIN,2026-09-10 02:57,2026-09-10 03:12,PASSENGER
PSG-491,2026-09-10,STN_A-STN_B,UP_MAIN,2026-09-10 22:50,2026-09-10 22:58,PASSENGER
PSG-492,2026-09-10,STN_A-STN_B,UP_MAIN,2026-09-10 06:18,2026-09-10 06:28,PASSENGER
PSG-493,2026-09-10,STN_A-STN_B,UP_MAIN,2026-09-10 16:17,2026-09-10 16:29,PASSENGER
PSG-494,2026-09-10,STN_A-STN_B,UP_MAIN,2026-09-10 08:28,2026-09-10 08:36,PASSENGER
PSG-495,2026-09-10,STN_A-STN_B,UP_MAIN,2026-09-10 08:54,2026-09-10 09:09,PASSENGER
PSG-496,2026-09-10,STN_A-STN_B,UP_MAIN,2026-09-10 08:02,2026-09-10 08:17,PASSENGER
PSG-497,2026-09-10,STN_A-STN_B,DN_MAIN,2026-09-10 09:06,2026-09-10 09:18,PASSENGER
PSG-498,2026-09-10,STN_A-STN_B,DN_MAIN,2026-09-10 10:18,2026-09-10 10:26,PASSENGER
PSG-499,2026-09-10,STN_A-STN_B,DN_MAIN,2026-09-10 08:55,2026-09-10 09:07,PASSENGER
PSG-500,2026-09-10,STN_A-STN_B,DN_MAIN,2026-09-10 23:38,2026-09-10 23:48,PASSENGER
PSG-501,2026-09-10,STN_A-STN_B,DN_MAIN,2026-09-10 02:07,2026-09-10 02:15,PASSENGER
PSG-502,2026-09-10,STN_A-STN_B,DN_MAIN,2026-09-10 15:53,2026-09-10 16:05,PASSENGER
PSG-503,2026-09-10,STN_A-STN_B,DN_MAIN,2026-09-10 05:27,2026-09-10 05:42,PASSENGER
PSG-504,2026-09-10,STN_A-STN_B,DN_MAIN,2026-09-10 23:25,2026-09-10 23:37,PASSENGER
PSG-505,2026-09-10,STN_A-STN_B,DN_MAIN,2026-09-10 23:33,2026-09-10 23:41,PASSENGER
PSG-506,2026-09-10,STN_A-STN_B,DN_MAIN,2026-09-10 21:48,2026-09-10 22:00,PASSENGER
PSG-507,2026-09-10,STN_A-STN_B,DN_MAIN,2026-09-10 12:32,2026-09-10 12:42,PASSENGER
PSG-508,2026-09-10,STN_A-STN_B,DN_MAIN,2026-09-10 07:28,2026-09-10 07:38,PASSENGER
PSG-509,2026-09-10,STN_B-STN_C,UP_MAIN,2026-09-10 05:13,2026-09-10 05:28,PASSENGER
PSG-510,2026-09-10,STN_B-STN_C,UP_MAIN,2026-09-10 20:40,2026-09-10 20:52,PASSENGER
PSG-511,2026-09-10,STN_B-STN_C,UP_MAIN,2026-09-10 14:11,2026-09-10 14:26,PASSENGER
PSG-512,2026-09-10,STN_B-STN_C,UP_MAIN,2026-09-10 18:20,2026-09-10 18:30,PASSENGER
PSG-513,2026-09-10,STN_B-STN_C,UP_MAIN,2026-09-10 08:26,2026-09-10 08:34,PASSENGER
PSG-514,2026-09-10,STN_B-STN_C,UP_MAIN,2026-09-10 17:56,2026-09-10 18:11,PASSENGER
PSG-515,2026-09-10,STN_B-STN_C,UP_MAIN,2026-09-10 18:01,2026-09-10 18:13,PASSENGER
PSG-516,2026-09-10,STN_B-STN_C,UP_MAIN,2026-09-10 02:39,2026-09-10 02:47,PASSENGER
PSG-517,2026-09-10,STN_B-STN_C,UP_MAIN,2026-09-10 02:06,2026-09-10 02:16,PASSENGER
PSG-518,2026-09-10,STN_B-STN_C,DN_MAIN,2026-09-10 18:19,2026-09-10 18:29,PASSENGER
PSG-519,2026-09-10,STN_B-STN_C,DN_MAIN,2026-09-10 05:36,2026-09-10 05:48,PASSENGER
PSG-520,2026-09-10,STN_B-STN_C,DN_MAIN,2026-09-10 17:45,2026-09-10 18:00,PASSENGER
PSG-521,2026-09-10,STN_B-STN_C,DN_MAIN,2026-09-10 03:58,2026-09-10 04:08,PASSENGER
PSG-522,2026-09-10,STN_B-STN_C,DN_MAIN,2026-09-10 19:54,2026-09-10 20:09,PASSENGER
PSG-523,2026-09-10,STN_B-STN_C,DN_MAIN,2026-09-10 03:06,2026-09-10 03:21,PASSENGER
PSG-524,2026-09-10,STN_B-STN_C,DN_MAIN,2026-09-10 01:53,2026-09-10 02:08,PASSENGER
PSG-525,2026-09-10,STN_B-STN_C,DN_MAIN,2026-09-10 04:30,2026-09-10 04:45,PASSENGER
PSG-526,2026-09-10,STN_B-STN_C,DN_MAIN,2026-09-10 15:35,2026-09-10 15:43,PASSENGER
PSG-527,2026-09-10,STN_B-STN_C,DN_MAIN,2026-09-10 19:04,2026-09-10 19:19,PASSENGER
PSG-528,2026-09-10,STN_C-STN_D,UP_MAIN,2026-09-10 10:31,2026-09-10 10:39,PASSENGER
PSG-529,2026-09-10,STN_C-STN_D,UP_MAIN,2026-09-10 13:30,2026-09-10 13:42,PASSENGER
PSG-530,2026-09-10,STN_C-STN_D,UP_MAIN,2026-09-10 00:06,2026-09-10 00:16,PASSENGER
PSG-531,2026-09-10,STN_C-STN_D,UP_MAIN,2026-09-10 19:44,2026-09-10 19:52,PASSENGER
PSG-532,2026-09-10,STN_C-STN_D,UP_MAIN,2026-09-10 01:32,2026-09-10 01:47,PASSENGER
PSG-533,2026-09-10,STN_C-STN_D,UP_MAIN,2026-09-10 11:45,2026-09-10 11:53,PASSENGER
PSG-534,2026-09-10,STN_C-STN_D,UP_MAIN,2026-09-10 18:28,2026-09-10 18:36,PASSENGER
PSG-535,2026-09-10,STN_C-STN_D,UP_MAIN,2026-09-10 02:21,2026-09-10 02:36,PASSENGER
PSG-536,2026-09-10,STN_C-STN_D,UP_MAIN,2026-09-10 01:04,2026-09-10 01:16,PASSENGER
PSG-537,2026-09-10,STN_C-STN_D,UP_MAIN,2026-09-10 13:57,2026-09-10 14:07,PASSENGER
PSG-538,2026-09-10,STN_C-STN_D,UP_MAIN,2026-09-10 04:37,2026-09-10 04:52,PASSENGER
PSG-539,2026-09-10,STN_C-STN_D,DN_MAIN,2026-09-10 13:03,2026-09-10 13:18,PASSENGER
PSG-540,2026-09-10,STN_C-STN_D,DN_MAIN,2026-09-10 12:53,2026-09-10 13:08,PASSENGER
PSG-541,2026-09-10,STN_C-STN_D,DN_MAIN,2026-09-10 02:44,2026-09-10 02:54,PASSENGER
PSG-542,2026-09-10,STN_C-STN_D,DN_MAIN,2026-09-10 22:18,2026-09-10 22:30,PASSENGER
PSG-543,2026-09-10,STN_C-STN_D,DN_MAIN,2026-09-10 04:02,2026-09-10 04:12,PASSENGER
PSG-544,2026-09-10,STN_C-STN_D,DN_MAIN,2026-09-10 18:20,2026-09-10 18:35,PASSENGER
PSG-545,2026-09-10,STN_C-STN_D,DN_MAIN,2026-09-10 18:03,2026-09-10 18:13,PASSENGER
PSG-546,2026-09-10,STN_C-STN_D,DN_MAIN,2026-09-10 07:36,2026-09-10 07:44,PASSENGER
PSG-547,2026-09-11,STN_A-STN_B,UP_MAIN,2026-09-11 00:46,2026-09-11 00:58,PASSENGER
PSG-548,2026-09-11,STN_A-STN_B,UP_MAIN,2026-09-11 15:48,2026-09-11 16:03,PASSENGER
PSG-549,2026-09-11,STN_A-STN_B,UP_MAIN,2026-09-11 18:09,2026-09-11 18:24,PASSENGER
PSG-550,2026-09-11,STN_A-STN_B,UP_MAIN,2026-09-11 07:50,2026-09-11 08:00,PASSENGER
PSG-551,2026-09-11,STN_A-STN_B,UP_MAIN,2026-09-11 15:43,2026-09-11 15:55,PASSENGER
PSG-552,2026-09-11,STN_A-STN_B,UP_MAIN,2026-09-11 05:17,2026-09-11 05:29,PASSENGER
PSG-553,2026-09-11,STN_A-STN_B,UP_MAIN,2026-09-11 06:26,2026-09-11 06:34,PASSENGER
PSG-554,2026-09-11,STN_A-STN_B,UP_MAIN,2026-09-11 01:05,2026-09-11 01:20,PASSENGER
PSG-555,2026-09-11,STN_A-STN_B,UP_MAIN,2026-09-11 20:59,2026-09-11 21:07,PASSENGER
PSG-556,2026-09-11,STN_A-STN_B,UP_MAIN,2026-09-11 08:12,2026-09-11 08:22,PASSENGER
PSG-557,2026-09-11,STN_A-STN_B,UP_MAIN,2026-09-11 02:17,2026-09-11 02:25,PASSENGER
PSG-558,2026-09-11,STN_A-STN_B,UP_MAIN,2026-09-11 20:16,2026-09-11 20:24,PASSENGER
PSG-559,2026-09-11,STN_A-STN_B,DN_MAIN,2026-09-11 20:24,2026-09-11 20:32,PASSENGER
PSG-560,2026-09-11,STN_A-STN_B,DN_MAIN,2026-09-11 08:21,2026-09-11 08:29,PASSENGER
PSG-561,2026-09-11,STN_A-STN_B,DN_MAIN,2026-09-11 13:43,2026-09-11 13:58,PASSENGER
PSG-562,2026-09-11,STN_A-STN_B,DN_MAIN,2026-09-11 07:59,2026-09-11 08:09,PASSENGER
PSG-563,2026-09-11,STN_A-STN_B,DN_MAIN,2026-09-11 01:55,2026-09-11 02:05,PASSENGER
PSG-564,2026-09-11,STN_A-STN_B,DN_MAIN,2026-09-11 17:11,2026-09-11 17:23,PASSENGER
PSG-565,2026-09-11,STN_A-STN_B,DN_MAIN,2026-09-11 07:59,2026-09-11 08:11,PASSENGER
PSG-566,2026-09-11,STN_A-STN_B,DN_MAIN,2026-09-11 19:42,2026-09-11 19:54,PASSENGER
PSG-567,2026-09-11,STN_A-STN_B,DN_MAIN,2026-09-11 08:05,2026-09-11 08:17,PASSENGER
PSG-568,2026-09-11,STN_B-STN_C,UP_MAIN,2026-09-11 22:32,2026-09-11 22:42,PASSENGER
PSG-569,2026-09-11,STN_B-STN_C,UP_MAIN,2026-09-11 14:06,2026-09-11 14:18,PASSENGER
PSG-570,2026-09-11,STN_B-STN_C,UP_MAIN,2026-09-11 09:23,2026-09-11 09:31,PASSENGER
PSG-571,2026-09-11,STN_B-STN_C,UP_MAIN,2026-09-11 19:00,2026-09-11 19:10,PASSENGER
PSG-572,2026-09-11,STN_B-STN_C,UP_MAIN,2026-09-11 21:22,2026-09-11 21:37,PASSENGER
PSG-573,2026-09-11,STN_B-STN_C,UP_MAIN,2026-09-11 18:58,2026-09-11 19:13,PASSENGER
PSG-574,2026-09-11,STN_B-STN_C,UP_MAIN,2026-09-11 01:36,2026-09-11 01:48,PASSENGER
PSG-575,2026-09-11,STN_B-STN_C,DN_MAIN,2026-09-11 22:54,2026-09-11 23:09,PASSENGER
PSG-576,2026-09-11,STN_B-STN_C,DN_MAIN,2026-09-11 17:54,2026-09-11 18:06,PASSENGER
PSG-577,2026-09-11,STN_B-STN_C,DN_MAIN,2026-09-11 23:46,2026-09-12 00:01,PASSENGER
PSG-578,2026-09-11,STN_B-STN_C,DN_MAIN,2026-09-11 13:56,2026-09-11 14:06,PASSENGER
PSG-579,2026-09-11,STN_B-STN_C,DN_MAIN,2026-09-11 10:14,2026-09-11 10:29,PASSENGER
PSG-580,2026-09-11,STN_B-STN_C,DN_MAIN,2026-09-11 06:16,2026-09-11 06:31,PASSENGER
PSG-581,2026-09-11,STN_B-STN_C,DN_MAIN,2026-09-11 08:13,2026-09-11 08:23,PASSENGER
PSG-582,2026-09-11,STN_B-STN_C,DN_MAIN,2026-09-11 10:15,2026-09-11 10:25,PASSENGER
PSG-583,2026-09-11,STN_B-STN_C,DN_MAIN,2026-09-11 15:48,2026-09-11 15:56,PASSENGER
PSG-584,2026-09-11,STN_B-STN_C,DN_MAIN,2026-09-11 19:11,2026-09-11 19:26,PASSENGER
PSG-585,2026-09-11,STN_B-STN_C,DN_MAIN,2026-09-11 14:13,2026-09-11 14:23,PASSENGER
PSG-586,2026-09-11,STN_C-STN_D,UP_MAIN,2026-09-11 08:17,2026-09-11 08:29,PASSENGER
PSG-587,2026-09-11,STN_C-STN_D,UP_MAIN,2026-09-11 06:56,2026-09-11 07:08,PASSENGER
PSG-588,2026-09-11,STN_C-STN_D,UP_MAIN,2026-09-11 22:04,2026-09-11 22:12,PASSENGER
PSG-589,2026-09-11,STN_C-STN_D,UP_MAIN,2026-09-11 15:21,2026-09-11 15:33,PASSENGER
PSG-590,2026-09-11,STN_C-STN_D,UP_MAIN,2026-09-11 03:09,2026-09-11 03:19,PASSENGER
PSG-591,2026-09-11,STN_C-STN_D,UP_MAIN,2026-09-11 01:45,2026-09-11 01:57,PASSENGER
PSG-592,2026-09-11,STN_C-STN_D,UP_MAIN,2026-09-11 12:52,2026-09-11 13:00,PASSENGER
PSG-593,2026-09-11,STN_C-STN_D,UP_MAIN,2026-09-11 02:29,2026-09-11 02:39,PASSENGER
PSG-594,2026-09-11,STN_C-STN_D,UP_MAIN,2026-09-11 20:03,2026-09-11 20:13,PASSENGER
PSG-595,2026-09-11,STN_C-STN_D,DN_MAIN,2026-09-11 07:07,2026-09-11 07:19,PASSENGER
PSG-596,2026-09-11,STN_C-STN_D,DN_MAIN,2026-09-11 10:20,2026-09-11 10:28,PASSENGER
PSG-597,2026-09-11,STN_C-STN_D,DN_MAIN,2026-09-11 07:13,2026-09-11 07:23,PASSENGER
PSG-598,2026-09-11,STN_C-STN_D,DN_MAIN,2026-09-11 04:00,2026-09-11 04:15,PASSENGER
PSG-599,2026-09-11,STN_C-STN_D,DN_MAIN,2026-09-11 08:16,2026-09-11 08:26,PASSENGER
PSG-600,2026-09-11,STN_C-STN_D,DN_MAIN,2026-09-11 13:32,2026-09-11 13:42,PASSENGER
PSG-601,2026-09-11,STN_C-STN_D,DN_MAIN,2026-09-11 18:50,2026-09-11 19:02,PASSENGER
PSG-602,2026-09-11,STN_C-STN_D,DN_MAIN,2026-09-11 09:39,2026-09-11 09:54,PASSENGER
PSG-603,2026-09-11,STN_C-STN_D,DN_MAIN,2026-09-11 15:54,2026-09-11 16:06,PASSENGER
PSG-604,2026-09-12,STN_A-STN_B,UP_MAIN,2026-09-12 08:55,2026-09-12 09:07,PASSENGER
PSG-605,2026-09-12,STN_A-STN_B,UP_MAIN,2026-09-12 17:30,2026-09-12 17:45,PASSENGER
PSG-606,2026-09-12,STN_A-STN_B,UP_MAIN,2026-09-12 15:54,2026-09-12 16:02,PASSENGER
PSG-607,2026-09-12,STN_A-STN_B,UP_MAIN,2026-09-12 16:01,2026-09-12 16:13,PASSENGER
PSG-608,2026-09-12,STN_A-STN_B,UP_MAIN,2026-09-12 06:56,2026-09-12 07:08,PASSENGER
PSG-609,2026-09-12,STN_A-STN_B,UP_MAIN,2026-09-12 10:40,2026-09-12 10:55,PASSENGER
PSG-610,2026-09-12,STN_A-STN_B,UP_MAIN,2026-09-12 01:33,2026-09-12 01:43,PASSENGER
PSG-611,2026-09-12,STN_A-STN_B,UP_MAIN,2026-09-12 04:58,2026-09-12 05:06,PASSENGER
PSG-612,2026-09-12,STN_A-STN_B,DN_MAIN,2026-09-12 18:53,2026-09-12 19:08,PASSENGER
PSG-613,2026-09-12,STN_A-STN_B,DN_MAIN,2026-09-12 10:04,2026-09-12 10:14,PASSENGER
PSG-614,2026-09-12,STN_A-STN_B,DN_MAIN,2026-09-12 06:41,2026-09-12 06:53,PASSENGER
PSG-615,2026-09-12,STN_A-STN_B,DN_MAIN,2026-09-12 07:51,2026-09-12 08:06,PASSENGER
PSG-616,2026-09-12,STN_A-STN_B,DN_MAIN,2026-09-12 19:26,2026-09-12 19:36,PASSENGER
PSG-617,2026-09-12,STN_A-STN_B,DN_MAIN,2026-09-12 17:02,2026-09-12 17:14,PASSENGER
PSG-618,2026-09-12,STN_A-STN_B,DN_MAIN,2026-09-12 08:47,2026-09-12 09:02,PASSENGER
PSG-619,2026-09-12,STN_A-STN_B,DN_MAIN,2026-09-12 21:54,2026-09-12 22:09,PASSENGER
PSG-620,2026-09-12,STN_B-STN_C,UP_MAIN,2026-09-12 05:44,2026-09-12 05:56,PASSENGER
PSG-621,2026-09-12,STN_B-STN_C,UP_MAIN,2026-09-12 05:46,2026-09-12 05:56,PASSENGER
PSG-622,2026-09-12,STN_B-STN_C,UP_MAIN,2026-09-12 18:39,2026-09-12 18:54,PASSENGER
PSG-623,2026-09-12,STN_B-STN_C,UP_MAIN,2026-09-12 06:16,2026-09-12 06:24,PASSENGER
PSG-624,2026-09-12,STN_B-STN_C,UP_MAIN,2026-09-12 17:53,2026-09-12 18:01,PASSENGER
PSG-625,2026-09-12,STN_B-STN_C,UP_MAIN,2026-09-12 02:32,2026-09-12 02:40,PASSENGER
PSG-626,2026-09-12,STN_B-STN_C,UP_MAIN,2026-09-12 00:13,2026-09-12 00:28,PASSENGER
PSG-627,2026-09-12,STN_B-STN_C,UP_MAIN,2026-09-12 04:41,2026-09-12 04:51,PASSENGER
PSG-628,2026-09-12,STN_B-STN_C,UP_MAIN,2026-09-12 02:19,2026-09-12 02:29,PASSENGER
PSG-629,2026-09-12,STN_B-STN_C,DN_MAIN,2026-09-12 07:27,2026-09-12 07:42,PASSENGER
PSG-630,2026-09-12,STN_B-STN_C,DN_MAIN,2026-09-12 12:44,2026-09-12 12:52,PASSENGER
PSG-631,2026-09-12,STN_B-STN_C,DN_MAIN,2026-09-12 21:05,2026-09-12 21:20,PASSENGER
PSG-632,2026-09-12,STN_B-STN_C,DN_MAIN,2026-09-12 22:30,2026-09-12 22:45,PASSENGER
PSG-633,2026-09-12,STN_B-STN_C,DN_MAIN,2026-09-12 00:32,2026-09-12 00:40,PASSENGER
PSG-634,2026-09-12,STN_B-STN_C,DN_MAIN,2026-09-12 18:09,2026-09-12 18:24,PASSENGER
PSG-635,2026-09-12,STN_C-STN_D,UP_MAIN,2026-09-12 00:34,2026-09-12 00:46,PASSENGER
PSG-636,2026-09-12,STN_C-STN_D,UP_MAIN,2026-09-12 18:17,2026-09-12 18:29,PASSENGER
PSG-637,2026-09-12,STN_C-STN_D,UP_MAIN,2026-09-12 00:35,2026-09-12 00:50,PASSENGER
PSG-638,2026-09-12,STN_C-STN_D,UP_MAIN,2026-09-12 06:07,2026-09-12 06:15,PASSENGER
PSG-639,2026-09-12,STN_C-STN_D,UP_MAIN,2026-09-12 03:17,2026-09-12 03:27,PASSENGER
PSG-640,2026-09-12,STN_C-STN_D,UP_MAIN,2026-09-12 08:13,2026-09-12 08:23,PASSENGER
PSG-641,2026-09-12,STN_C-STN_D,DN_MAIN,2026-09-12 17:58,2026-09-12 18:10,PASSENGER
PSG-642,2026-09-12,STN_C-STN_D,DN_MAIN,2026-09-12 12:05,2026-09-12 12:17,PASSENGER
PSG-643,2026-09-12,STN_C-STN_D,DN_MAIN,2026-09-12 13:32,2026-09-12 13:40,PASSENGER
PSG-644,2026-09-12,STN_C-STN_D,DN_MAIN,2026-09-12 12:44,2026-09-12 12:59,PASSENGER
PSG-645,2026-09-12,STN_C-STN_D,DN_MAIN,2026-09-12 15:40,2026-09-12 15:50,PASSENGER
PSG-646,2026-09-12,STN_C-STN_D,DN_MAIN,2026-09-12 23:47,2026-09-12 23:57,PASSENGER
PSG-647,2026-09-12,STN_C-STN_D,DN_MAIN,2026-09-12 10:14,2026-09-12 10:22,PASSENGER
PSG-648,2026-09-12,STN_C-STN_D,DN_MAIN,2026-09-12 22:18,2026-09-12 22:26,PASSENGER
PSG-649,2026-09-12,STN_C-STN_D,DN_MAIN,2026-09-12 03:11,2026-09-12 03:26,PASSENGER
PSG-650,2026-09-12,STN_C-STN_D,DN_MAIN,2026-09-12 12:56,2026-09-12 13:11,PASSENGER
PSG-651,2026-09-13,STN_A-STN_B,UP_MAIN,2026-09-13 16:14,2026-09-13 16:22,PASSENGER
PSG-652,2026-09-13,STN_A-STN_B,UP_MAIN,2026-09-13 21:44,2026-09-13 21:52,PASSENGER
PSG-653,2026-09-13,STN_A-STN_B,UP_MAIN,2026-09-13 23:59,2026-09-14 00:09,PASSENGER
PSG-654,2026-09-13,STN_A-STN_B,UP_MAIN,2026-09-13 02:49,2026-09-13 03:04,PASSENGER
PSG-655,2026-09-13,STN_A-STN_B,UP_MAIN,2026-09-13 14:48,2026-09-13 15:00,PASSENGER
PSG-656,2026-09-13,STN_A-STN_B,UP_MAIN,2026-09-13 19:18,2026-09-13 19:26,PASSENGER
PSG-657,2026-09-13,STN_A-STN_B,UP_MAIN,2026-09-13 18:01,2026-09-13 18:09,PASSENGER
PSG-658,2026-09-13,STN_A-STN_B,UP_MAIN,2026-09-13 07:50,2026-09-13 08:00,PASSENGER
PSG-659,2026-09-13,STN_A-STN_B,UP_MAIN,2026-09-13 23:37,2026-09-13 23:52,PASSENGER
PSG-660,2026-09-13,STN_A-STN_B,UP_MAIN,2026-09-13 09:15,2026-09-13 09:23,PASSENGER
PSG-661,2026-09-13,STN_A-STN_B,DN_MAIN,2026-09-13 23:21,2026-09-13 23:33,PASSENGER
PSG-662,2026-09-13,STN_A-STN_B,DN_MAIN,2026-09-13 18:32,2026-09-13 18:40,PASSENGER
PSG-663,2026-09-13,STN_A-STN_B,DN_MAIN,2026-09-13 06:07,2026-09-13 06:19,PASSENGER
PSG-664,2026-09-13,STN_A-STN_B,DN_MAIN,2026-09-13 00:32,2026-09-13 00:42,PASSENGER
PSG-665,2026-09-13,STN_A-STN_B,DN_MAIN,2026-09-13 20:02,2026-09-13 20:12,PASSENGER
PSG-666,2026-09-13,STN_A-STN_B,DN_MAIN,2026-09-13 13:35,2026-09-13 13:43,PASSENGER
PSG-667,2026-09-13,STN_B-STN_C,UP_MAIN,2026-09-13 05:32,2026-09-13 05:42,PASSENGER
PSG-668,2026-09-13,STN_B-STN_C,UP_MAIN,2026-09-13 19:20,2026-09-13 19:35,PASSENGER
PSG-669,2026-09-13,STN_B-STN_C,UP_MAIN,2026-09-13 23:06,2026-09-13 23:18,PASSENGER
PSG-670,2026-09-13,STN_B-STN_C,UP_MAIN,2026-09-13 13:06,2026-09-13 13:16,PASSENGER
PSG-671,2026-09-13,STN_B-STN_C,UP_MAIN,2026-09-13 23:31,2026-09-13 23:39,PASSENGER
PSG-672,2026-09-13,STN_B-STN_C,UP_MAIN,2026-09-13 17:05,2026-09-13 17:17,PASSENGER
PSG-673,2026-09-13,STN_B-STN_C,UP_MAIN,2026-09-13 01:49,2026-09-13 01:57,PASSENGER
PSG-674,2026-09-13,STN_B-STN_C,UP_MAIN,2026-09-13 14:55,2026-09-13 15:05,PASSENGER
PSG-675,2026-09-13,STN_B-STN_C,DN_MAIN,2026-09-13 02:35,2026-09-13 02:47,PASSENGER
PSG-676,2026-09-13,STN_B-STN_C,DN_MAIN,2026-09-13 20:39,2026-09-13 20:54,PASSENGER
PSG-677,2026-09-13,STN_B-STN_C,DN_MAIN,2026-09-13 11:08,2026-09-13 11:16,PASSENGER
PSG-678,2026-09-13,STN_B-STN_C,DN_MAIN,2026-09-13 21:38,2026-09-13 21:50,PASSENGER
PSG-679,2026-09-13,STN_B-STN_C,DN_MAIN,2026-09-13 15:22,2026-09-13 15:37,PASSENGER
PSG-680,2026-09-13,STN_B-STN_C,DN_MAIN,2026-09-13 07:47,2026-09-13 07:59,PASSENGER
PSG-681,2026-09-13,STN_B-STN_C,DN_MAIN,2026-09-13 18:52,2026-09-13 19:07,PASSENGER
PSG-682,2026-09-13,STN_B-STN_C,DN_MAIN,2026-09-13 14:44,2026-09-13 14:54,PASSENGER
PSG-683,2026-09-13,STN_B-STN_C,DN_MAIN,2026-09-13 23:12,2026-09-13 23:27,PASSENGER
PSG-684,2026-09-13,STN_B-STN_C,DN_MAIN,2026-09-13 02:55,2026-09-13 03:07,PASSENGER
PSG-685,2026-09-13,STN_B-STN_C,DN_MAIN,2026-09-13 08:24,2026-09-13 08:32,PASSENGER
PSG-686,2026-09-13,STN_B-STN_C,DN_MAIN,2026-09-13 02:48,2026-09-13 03:00,PASSENGER
PSG-687,2026-09-13,STN_C-STN_D,UP_MAIN,2026-09-13 12:58,2026-09-13 13:08,PASSENGER
PSG-688,2026-09-13,STN_C-STN_D,UP_MAIN,2026-09-13 13:17,2026-09-13 13:29,PASSENGER
PSG-689,2026-09-13,STN_C-STN_D,UP_MAIN,2026-09-13 12:18,2026-09-13 12:26,PASSENGER
PSG-690,2026-09-13,STN_C-STN_D,UP_MAIN,2026-09-13 03:07,2026-09-13 03:15,PASSENGER
PSG-691,2026-09-13,STN_C-STN_D,UP_MAIN,2026-09-13 10:31,2026-09-13 10:46,PASSENGER
PSG-692,2026-09-13,STN_C-STN_D,UP_MAIN,2026-09-13 12:17,2026-09-13 12:29,PASSENGER
PSG-693,2026-09-13,STN_C-STN_D,UP_MAIN,2026-09-13 03:29,2026-09-13 03:39,PASSENGER
PSG-694,2026-09-13,STN_C-STN_D,DN_MAIN,2026-09-13 06:23,2026-09-13 06:38,PASSENGER
PSG-695,2026-09-13,STN_C-STN_D,DN_MAIN,2026-09-13 15:19,2026-09-13 15:34,PASSENGER
PSG-696,2026-09-13,STN_C-STN_D,DN_MAIN,2026-09-13 03:31,2026-09-13 03:39,PASSENGER
PSG-697,2026-09-13,STN_C-STN_D,DN_MAIN,2026-09-13 03:03,2026-09-13 03:15,PASSENGER
PSG-698,2026-09-13,STN_C-STN_D,DN_MAIN,2026-09-13 18:55,2026-09-13 19:03,PASSENGER
PSG-699,2026-09-13,STN_C-STN_D,DN_MAIN,2026-09-13 20:22,2026-09-13 20:34,PASSENGER
PSG-700,2026-09-14,STN_A-STN_B,UP_MAIN,2026-09-14 13:08,2026-09-14 13:16,PASSENGER
PSG-701,2026-09-14,STN_A-STN_B,UP_MAIN,2026-09-14 09:57,2026-09-14 10:12,PASSENGER
PSG-702,2026-09-14,STN_A-STN_B,UP_MAIN,2026-09-14 13:14,2026-09-14 13:22,PASSENGER
PSG-703,2026-09-14,STN_A-STN_B,UP_MAIN,2026-09-14 19:05,2026-09-14 19:15,PASSENGER
PSG-704,2026-09-14,STN_A-STN_B,UP_MAIN,2026-09-14 19:31,2026-09-14 19:41,PASSENGER
PSG-705,2026-09-14,STN_A-STN_B,UP_MAIN,2026-09-14 23:23,2026-09-14 23:38,PASSENGER
PSG-706,2026-09-14,STN_A-STN_B,UP_MAIN,2026-09-14 05:47,2026-09-14 05:57,PASSENGER
PSG-707,2026-09-14,STN_A-STN_B,UP_MAIN,2026-09-14 09:10,2026-09-14 09:22,PASSENGER
PSG-708,2026-09-14,STN_A-STN_B,UP_MAIN,2026-09-14 09:09,2026-09-14 09:24,PASSENGER
PSG-709,2026-09-14,STN_A-STN_B,UP_MAIN,2026-09-14 04:58,2026-09-14 05:06,PASSENGER
PSG-710,2026-09-14,STN_A-STN_B,UP_MAIN,2026-09-14 05:42,2026-09-14 05:57,PASSENGER
PSG-711,2026-09-14,STN_A-STN_B,UP_MAIN,2026-09-14 09:25,2026-09-14 09:40,PASSENGER
PSG-712,2026-09-14,STN_A-STN_B,DN_MAIN,2026-09-14 16:31,2026-09-14 16:39,PASSENGER
PSG-713,2026-09-14,STN_A-STN_B,DN_MAIN,2026-09-14 12:19,2026-09-14 12:31,PASSENGER
PSG-714,2026-09-14,STN_A-STN_B,DN_MAIN,2026-09-14 08:25,2026-09-14 08:40,PASSENGER
PSG-715,2026-09-14,STN_A-STN_B,DN_MAIN,2026-09-14 20:16,2026-09-14 20:26,PASSENGER
PSG-716,2026-09-14,STN_A-STN_B,DN_MAIN,2026-09-14 15:37,2026-09-14 15:45,PASSENGER
PSG-717,2026-09-14,STN_A-STN_B,DN_MAIN,2026-09-14 04:37,2026-09-14 04:49,PASSENGER
PSG-718,2026-09-14,STN_A-STN_B,DN_MAIN,2026-09-14 00:13,2026-09-14 00:28,PASSENGER
PSG-719,2026-09-14,STN_A-STN_B,DN_MAIN,2026-09-14 11:20,2026-09-14 11:35,PASSENGER
PSG-720,2026-09-14,STN_B-STN_C,UP_MAIN,2026-09-14 11:14,2026-09-14 11:29,PASSENGER
PSG-721,2026-09-14,STN_B-STN_C,UP_MAIN,2026-09-14 11:25,2026-09-14 11:40,PASSENGER
PSG-722,2026-09-14,STN_B-STN_C,UP_MAIN,2026-09-14 22:13,2026-09-14 22:23,PASSENGER
PSG-723,2026-09-14,STN_B-STN_C,UP_MAIN,2026-09-14 10:15,2026-09-14 10:27,PASSENGER
PSG-724,2026-09-14,STN_B-STN_C,UP_MAIN,2026-09-14 20:35,2026-09-14 20:45,PASSENGER
PSG-725,2026-09-14,STN_B-STN_C,UP_MAIN,2026-09-14 16:21,2026-09-14 16:33,PASSENGER
PSG-726,2026-09-14,STN_B-STN_C,UP_MAIN,2026-09-14 06:03,2026-09-14 06:18,PASSENGER
PSG-727,2026-09-14,STN_B-STN_C,UP_MAIN,2026-09-14 10:53,2026-09-14 11:05,PASSENGER
PSG-728,2026-09-14,STN_B-STN_C,UP_MAIN,2026-09-14 23:43,2026-09-14 23:58,PASSENGER
PSG-729,2026-09-14,STN_B-STN_C,UP_MAIN,2026-09-14 19:39,2026-09-14 19:49,PASSENGER
PSG-730,2026-09-14,STN_B-STN_C,UP_MAIN,2026-09-14 11:07,2026-09-14 11:22,PASSENGER
PSG-731,2026-09-14,STN_B-STN_C,UP_MAIN,2026-09-14 09:34,2026-09-14 09:49,PASSENGER
PSG-732,2026-09-14,STN_B-STN_C,DN_MAIN,2026-09-14 03:53,2026-09-14 04:03,PASSENGER
PSG-733,2026-09-14,STN_B-STN_C,DN_MAIN,2026-09-14 20:12,2026-09-14 20:22,PASSENGER
PSG-734,2026-09-14,STN_B-STN_C,DN_MAIN,2026-09-14 23:16,2026-09-14 23:24,PASSENGER
PSG-735,2026-09-14,STN_B-STN_C,DN_MAIN,2026-09-14 15:45,2026-09-14 15:55,PASSENGER
PSG-736,2026-09-14,STN_B-STN_C,DN_MAIN,2026-09-14 14:57,2026-09-14 15:09,PASSENGER
PSG-737,2026-09-14,STN_B-STN_C,DN_MAIN,2026-09-14 23:38,2026-09-14 23:46,PASSENGER
PSG-738,2026-09-14,STN_B-STN_C,DN_MAIN,2026-09-14 13:57,2026-09-14 14:12,PASSENGER
PSG-739,2026-09-14,STN_B-STN_C,DN_MAIN,2026-09-14 04:45,2026-09-14 04:57,PASSENGER
PSG-740,2026-09-14,STN_C-STN_D,UP_MAIN,2026-09-14 08:37,2026-09-14 08:47,PASSENGER
PSG-741,2026-09-14,STN_C-STN_D,UP_MAIN,2026-09-14 14:26,2026-09-14 14:41,PASSENGER
PSG-742,2026-09-14,STN_C-STN_D,UP_MAIN,2026-09-14 02:31,2026-09-14 02:46,PASSENGER
PSG-743,2026-09-14,STN_C-STN_D,UP_MAIN,2026-09-14 20:24,2026-09-14 20:39,PASSENGER
PSG-744,2026-09-14,STN_C-STN_D,UP_MAIN,2026-09-14 19:52,2026-09-14 20:07,PASSENGER
PSG-745,2026-09-14,STN_C-STN_D,UP_MAIN,2026-09-14 18:14,2026-09-14 18:29,PASSENGER
PSG-746,2026-09-14,STN_C-STN_D,UP_MAIN,2026-09-14 18:33,2026-09-14 18:41,PASSENGER
PSG-747,2026-09-14,STN_C-STN_D,DN_MAIN,2026-09-14 12:16,2026-09-14 12:24,PASSENGER
PSG-748,2026-09-14,STN_C-STN_D,DN_MAIN,2026-09-14 03:43,2026-09-14 03:53,PASSENGER
PSG-749,2026-09-14,STN_C-STN_D,DN_MAIN,2026-09-14 22:26,2026-09-14 22:38,PASSENGER
PSG-750,2026-09-14,STN_C-STN_D,DN_MAIN,2026-09-14 05:40,2026-09-14 05:48,PASSENGER
PSG-751,2026-09-14,STN_C-STN_D,DN_MAIN,2026-09-14 19:13,2026-09-14 19:28,PASSENGER
PSG-752,2026-09-14,STN_C-STN_D,DN_MAIN,2026-09-14 11:19,2026-09-14 11:34,PASSENGER
PSG-753,2026-09-14,STN_C-STN_D,DN_MAIN,2026-09-14 03:36,2026-09-14 03:44,PASSENGER
PSG-754,2026-09-14,STN_C-STN_D,DN_MAIN,2026-09-14 03:21,2026-09-14 03:33,PASSENGER
PSG-755,2026-09-14,STN_C-STN_D,DN_MAIN,2026-09-14 07:34,2026-09-14 07:44,PASSENGER
PSG-756,2026-09-14,STN_C-STN_D,DN_MAIN,2026-09-14 15:12,2026-09-14 15:24,PASSENGER
PSG-757,2026-09-14,STN_C-STN_D,DN_MAIN,2026-09-14 13:21,2026-09-14 13:36,PASSENGER
PSG-758,2026-09-14,STN_C-STN_D,DN_MAIN,2026-09-14 23:11,2026-09-14 23:21,PASSENGER
PSG-759,2026-09-15,STN_A-STN_B,UP_MAIN,2026-09-15 00:50,2026-09-15 01:05,PASSENGER
PSG-760,2026-09-15,STN_A-STN_B,UP_MAIN,2026-09-15 03:34,2026-09-15 03:46,PASSENGER
PSG-761,2026-09-15,STN_A-STN_B,UP_MAIN,2026-09-15 14:11,2026-09-15 14:19,PASSENGER
PSG-762,2026-09-15,STN_A-STN_B,UP_MAIN,2026-09-15 03:57,2026-09-15 04:07,PASSENGER
PSG-763,2026-09-15,STN_A-STN_B,UP_MAIN,2026-09-15 11:53,2026-09-15 12:05,PASSENGER
PSG-764,2026-09-15,STN_A-STN_B,UP_MAIN,2026-09-15 11:42,2026-09-15 11:57,PASSENGER
PSG-765,2026-09-15,STN_A-STN_B,UP_MAIN,2026-09-15 07:03,2026-09-15 07:18,PASSENGER
PSG-766,2026-09-15,STN_A-STN_B,UP_MAIN,2026-09-15 11:53,2026-09-15 12:08,PASSENGER
PSG-767,2026-09-15,STN_A-STN_B,DN_MAIN,2026-09-15 14:57,2026-09-15 15:12,PASSENGER
PSG-768,2026-09-15,STN_A-STN_B,DN_MAIN,2026-09-15 10:53,2026-09-15 11:01,PASSENGER
PSG-769,2026-09-15,STN_A-STN_B,DN_MAIN,2026-09-15 10:14,2026-09-15 10:22,PASSENGER
PSG-770,2026-09-15,STN_A-STN_B,DN_MAIN,2026-09-15 03:55,2026-09-15 04:03,PASSENGER
PSG-771,2026-09-15,STN_A-STN_B,DN_MAIN,2026-09-15 11:42,2026-09-15 11:50,PASSENGER
PSG-772,2026-09-15,STN_A-STN_B,DN_MAIN,2026-09-15 23:06,2026-09-15 23:16,PASSENGER
PSG-773,2026-09-15,STN_B-STN_C,UP_MAIN,2026-09-15 08:19,2026-09-15 08:29,PASSENGER
PSG-774,2026-09-15,STN_B-STN_C,UP_MAIN,2026-09-15 18:50,2026-09-15 19:00,PASSENGER
PSG-775,2026-09-15,STN_B-STN_C,UP_MAIN,2026-09-15 11:17,2026-09-15 11:32,PASSENGER
PSG-776,2026-09-15,STN_B-STN_C,UP_MAIN,2026-09-15 15:46,2026-09-15 15:56,PASSENGER
PSG-777,2026-09-15,STN_B-STN_C,UP_MAIN,2026-09-15 13:49,2026-09-15 13:59,PASSENGER
PSG-778,2026-09-15,STN_B-STN_C,UP_MAIN,2026-09-15 06:21,2026-09-15 06:36,PASSENGER
PSG-779,2026-09-15,STN_B-STN_C,UP_MAIN,2026-09-15 13:30,2026-09-15 13:38,PASSENGER
PSG-780,2026-09-15,STN_B-STN_C,UP_MAIN,2026-09-15 20:57,2026-09-15 21:07,PASSENGER
PSG-781,2026-09-15,STN_B-STN_C,UP_MAIN,2026-09-15 15:20,2026-09-15 15:35,PASSENGER
PSG-782,2026-09-15,STN_B-STN_C,UP_MAIN,2026-09-15 13:16,2026-09-15 13:24,PASSENGER
PSG-783,2026-09-15,STN_B-STN_C,UP_MAIN,2026-09-15 07:19,2026-09-15 07:29,PASSENGER
PSG-784,2026-09-15,STN_B-STN_C,DN_MAIN,2026-09-15 02:08,2026-09-15 02:16,PASSENGER
PSG-785,2026-09-15,STN_B-STN_C,DN_MAIN,2026-09-15 18:19,2026-09-15 18:29,PASSENGER
PSG-786,2026-09-15,STN_B-STN_C,DN_MAIN,2026-09-15 12:29,2026-09-15 12:41,PASSENGER
PSG-787,2026-09-15,STN_B-STN_C,DN_MAIN,2026-09-15 06:43,2026-09-15 06:58,PASSENGER
PSG-788,2026-09-15,STN_B-STN_C,DN_MAIN,2026-09-15 03:53,2026-09-15 04:05,PASSENGER
PSG-789,2026-09-15,STN_B-STN_C,DN_MAIN,2026-09-15 22:53,2026-09-15 23:08,PASSENGER
PSG-790,2026-09-15,STN_B-STN_C,DN_MAIN,2026-09-15 18:00,2026-09-15 18:12,PASSENGER
PSG-791,2026-09-15,STN_B-STN_C,DN_MAIN,2026-09-15 20:22,2026-09-15 20:37,PASSENGER
PSG-792,2026-09-15,STN_C-STN_D,UP_MAIN,2026-09-15 13:23,2026-09-15 13:31,PASSENGER
PSG-793,2026-09-15,STN_C-STN_D,UP_MAIN,2026-09-15 11:52,2026-09-15 12:04,PASSENGER
PSG-794,2026-09-15,STN_C-STN_D,UP_MAIN,2026-09-15 15:37,2026-09-15 15:47,PASSENGER
PSG-795,2026-09-15,STN_C-STN_D,UP_MAIN,2026-09-15 22:59,2026-09-15 23:11,PASSENGER
PSG-796,2026-09-15,STN_C-STN_D,UP_MAIN,2026-09-15 20:58,2026-09-15 21:06,PASSENGER
PSG-797,2026-09-15,STN_C-STN_D,UP_MAIN,2026-09-15 22:56,2026-09-15 23:06,PASSENGER
PSG-798,2026-09-15,STN_C-STN_D,UP_MAIN,2026-09-15 10:41,2026-09-15 10:49,PASSENGER
PSG-799,2026-09-15,STN_C-STN_D,UP_MAIN,2026-09-15 08:08,2026-09-15 08:20,PASSENGER
PSG-800,2026-09-15,STN_C-STN_D,UP_MAIN,2026-09-15 03:59,2026-09-15 04:09,PASSENGER
PSG-801,2026-09-15,STN_C-STN_D,UP_MAIN,2026-09-15 12:44,2026-09-15 12:54,PASSENGER
PSG-802,2026-09-15,STN_C-STN_D,DN_MAIN,2026-09-15 13:15,2026-09-15 13:30,PASSENGER
PSG-803,2026-09-15,STN_C-STN_D,DN_MAIN,2026-09-15 20:21,2026-09-15 20:31,PASSENGER
PSG-804,2026-09-15,STN_C-STN_D,DN_MAIN,2026-09-15 19:37,2026-09-15 19:52,PASSENGER
PSG-805,2026-09-15,STN_C-STN_D,DN_MAIN,2026-09-15 14:26,2026-09-15 14:36,PASSENGER
PSG-806,2026-09-15,STN_C-STN_D,DN_MAIN,2026-09-15 16:36,2026-09-15 16:46,PASSENGER
PSG-807,2026-09-15,STN_C-STN_D,DN_MAIN,2026-09-15 18:56,2026-09-15 19:06,PASSENGER
PSG-808,2026-09-15,STN_C-STN_D,DN_MAIN,2026-09-15 16:42,2026-09-15 16:54,PASSENGER
PSG-809,2026-09-15,STN_C-STN_D,DN_MAIN,2026-09-15 04:47,2026-09-15 04:57,PASSENGER
PSG-810,2026-09-15,STN_C-STN_D,DN_MAIN,2026-09-15 10:44,2026-09-15 10:59,PASSENGER
PSG-811,2026-09-15,STN_C-STN_D,DN_MAIN,2026-09-15 21:08,2026-09-15 21:16,PASSENGER
PSG-812,2026-09-16,STN_A-STN_B,UP_MAIN,2026-09-16 12:15,2026-09-16 12:23,PASSENGER
PSG-813,2026-09-16,STN_A-STN_B,UP_MAIN,2026-09-16 16:32,2026-09-16 16:42,PASSENGER
PSG-814,2026-09-16,STN_A-STN_B,UP_MAIN,2026-09-16 06:39,2026-09-16 06:54,PASSENGER
PSG-815,2026-09-16,STN_A-STN_B,UP_MAIN,2026-09-16 19:10,2026-09-16 19:25,PASSENGER
PSG-816,2026-09-16,STN_A-STN_B,UP_MAIN,2026-09-16 13:57,2026-09-16 14:12,PASSENGER
PSG-817,2026-09-16,STN_A-STN_B,UP_MAIN,2026-09-16 14:11,2026-09-16 14:26,PASSENGER
PSG-818,2026-09-16,STN_A-STN_B,UP_MAIN,2026-09-16 16:40,2026-09-16 16:50,PASSENGER
PSG-819,2026-09-16,STN_A-STN_B,UP_MAIN,2026-09-16 02:49,2026-09-16 02:57,PASSENGER
PSG-820,2026-09-16,STN_A-STN_B,UP_MAIN,2026-09-16 07:31,2026-09-16 07:43,PASSENGER
PSG-821,2026-09-16,STN_A-STN_B,UP_MAIN,2026-09-16 01:06,2026-09-16 01:18,PASSENGER
PSG-822,2026-09-16,STN_A-STN_B,UP_MAIN,2026-09-16 07:40,2026-09-16 07:52,PASSENGER
PSG-823,2026-09-16,STN_A-STN_B,UP_MAIN,2026-09-16 05:44,2026-09-16 05:59,PASSENGER
PSG-824,2026-09-16,STN_A-STN_B,DN_MAIN,2026-09-16 16:54,2026-09-16 17:02,PASSENGER
PSG-825,2026-09-16,STN_A-STN_B,DN_MAIN,2026-09-16 19:32,2026-09-16 19:40,PASSENGER
PSG-826,2026-09-16,STN_A-STN_B,DN_MAIN,2026-09-16 09:08,2026-09-16 09:20,PASSENGER
PSG-827,2026-09-16,STN_A-STN_B,DN_MAIN,2026-09-16 18:30,2026-09-16 18:38,PASSENGER
PSG-828,2026-09-16,STN_A-STN_B,DN_MAIN,2026-09-16 15:03,2026-09-16 15:13,PASSENGER
PSG-829,2026-09-16,STN_A-STN_B,DN_MAIN,2026-09-16 14:30,2026-09-16 14:38,PASSENGER
PSG-830,2026-09-16,STN_A-STN_B,DN_MAIN,2026-09-16 22:18,2026-09-16 22:28,PASSENGER
PSG-831,2026-09-16,STN_A-STN_B,DN_MAIN,2026-09-16 10:09,2026-09-16 10:17,PASSENGER
PSG-832,2026-09-16,STN_A-STN_B,DN_MAIN,2026-09-16 15:21,2026-09-16 15:33,PASSENGER
PSG-833,2026-09-16,STN_A-STN_B,DN_MAIN,2026-09-16 11:53,2026-09-16 12:01,PASSENGER
PSG-834,2026-09-16,STN_B-STN_C,UP_MAIN,2026-09-16 04:00,2026-09-16 04:10,PASSENGER
PSG-835,2026-09-16,STN_B-STN_C,UP_MAIN,2026-09-16 07:09,2026-09-16 07:21,PASSENGER
PSG-836,2026-09-16,STN_B-STN_C,UP_MAIN,2026-09-16 20:49,2026-09-16 21:04,PASSENGER
PSG-837,2026-09-16,STN_B-STN_C,UP_MAIN,2026-09-16 05:39,2026-09-16 05:49,PASSENGER
PSG-838,2026-09-16,STN_B-STN_C,UP_MAIN,2026-09-16 07:03,2026-09-16 07:13,PASSENGER
PSG-839,2026-09-16,STN_B-STN_C,UP_MAIN,2026-09-16 02:01,2026-09-16 02:13,PASSENGER
PSG-840,2026-09-16,STN_B-STN_C,UP_MAIN,2026-09-16 18:10,2026-09-16 18:22,PASSENGER
PSG-841,2026-09-16,STN_B-STN_C,UP_MAIN,2026-09-16 20:22,2026-09-16 20:32,PASSENGER
PSG-842,2026-09-16,STN_B-STN_C,UP_MAIN,2026-09-16 11:02,2026-09-16 11:14,PASSENGER
PSG-843,2026-09-16,STN_B-STN_C,DN_MAIN,2026-09-16 19:32,2026-09-16 19:44,PASSENGER
PSG-844,2026-09-16,STN_B-STN_C,DN_MAIN,2026-09-16 17:33,2026-09-16 17:41,PASSENGER
PSG-845,2026-09-16,STN_B-STN_C,DN_MAIN,2026-09-16 04:37,2026-09-16 04:52,PASSENGER
PSG-846,2026-09-16,STN_B-STN_C,DN_MAIN,2026-09-16 02:01,2026-09-16 02:13,PASSENGER
PSG-847,2026-09-16,STN_B-STN_C,DN_MAIN,2026-09-16 22:23,2026-09-16 22:33,PASSENGER
PSG-848,2026-09-16,STN_B-STN_C,DN_MAIN,2026-09-16 23:56,2026-09-17 00:06,PASSENGER
PSG-849,2026-09-16,STN_B-STN_C,DN_MAIN,2026-09-16 08:31,2026-09-16 08:41,PASSENGER
PSG-850,2026-09-16,STN_B-STN_C,DN_MAIN,2026-09-16 10:59,2026-09-16 11:09,PASSENGER
PSG-851,2026-09-16,STN_C-STN_D,UP_MAIN,2026-09-16 23:04,2026-09-16 23:19,PASSENGER
PSG-852,2026-09-16,STN_C-STN_D,UP_MAIN,2026-09-16 16:42,2026-09-16 16:52,PASSENGER
PSG-853,2026-09-16,STN_C-STN_D,UP_MAIN,2026-09-16 19:42,2026-09-16 19:54,PASSENGER
PSG-854,2026-09-16,STN_C-STN_D,UP_MAIN,2026-09-16 21:25,2026-09-16 21:40,PASSENGER
PSG-855,2026-09-16,STN_C-STN_D,UP_MAIN,2026-09-16 12:48,2026-09-16 13:03,PASSENGER
PSG-856,2026-09-16,STN_C-STN_D,UP_MAIN,2026-09-16 02:34,2026-09-16 02:42,PASSENGER
PSG-857,2026-09-16,STN_C-STN_D,UP_MAIN,2026-09-16 13:45,2026-09-16 13:57,PASSENGER
PSG-858,2026-09-16,STN_C-STN_D,UP_MAIN,2026-09-16 23:42,2026-09-16 23:54,PASSENGER
PSG-859,2026-09-16,STN_C-STN_D,UP_MAIN,2026-09-16 15:31,2026-09-16 15:46,PASSENGER
PSG-860,2026-09-16,STN_C-STN_D,UP_MAIN,2026-09-16 11:10,2026-09-16 11:18,PASSENGER
PSG-861,2026-09-16,STN_C-STN_D,UP_MAIN,2026-09-16 03:10,2026-09-16 03:25,PASSENGER
PSG-862,2026-09-16,STN_C-STN_D,UP_MAIN,2026-09-16 21:40,2026-09-16 21:52,PASSENGER
PSG-863,2026-09-16,STN_C-STN_D,DN_MAIN,2026-09-16 02:09,2026-09-16 02:24,PASSENGER
PSG-864,2026-09-16,STN_C-STN_D,DN_MAIN,2026-09-16 07:26,2026-09-16 07:41,PASSENGER
PSG-865,2026-09-16,STN_C-STN_D,DN_MAIN,2026-09-16 07:13,2026-09-16 07:28,PASSENGER
PSG-866,2026-09-16,STN_C-STN_D,DN_MAIN,2026-09-16 09:09,2026-09-16 09:21,PASSENGER
PSG-867,2026-09-16,STN_C-STN_D,DN_MAIN,2026-09-16 09:40,2026-09-16 09:52,PASSENGER
PSG-868,2026-09-16,STN_C-STN_D,DN_MAIN,2026-09-16 18:40,2026-09-16 18:50,PASSENGER
PSG-869,2026-09-16,STN_C-STN_D,DN_MAIN,2026-09-16 19:19,2026-09-16 19:34,PASSENGER
PSG-870,2026-09-16,STN_C-STN_D,DN_MAIN,2026-09-16 11:43,2026-09-16 11:51,PASSENGER
PSG-871,2026-09-16,STN_C-STN_D,DN_MAIN,2026-09-16 01:34,2026-09-16 01:42,PASSENGER
PSG-872,2026-09-16,STN_C-STN_D,DN_MAIN,2026-09-16 21:22,2026-09-16 21:37,PASSENGER
PSG-873,2026-09-16,STN_C-STN_D,DN_MAIN,2026-09-16 00:33,2026-09-16 00:41,PASSENGER
PSG-874,2026-09-16,STN_C-STN_D,DN_MAIN,2026-09-16 05:23,2026-09-16 05:38,PASSENGER
PSG-875,2026-09-17,STN_A-STN_B,UP_MAIN,2026-09-17 00:01,2026-09-17 00:16,PASSENGER
PSG-876,2026-09-17,STN_A-STN_B,UP_MAIN,2026-09-17 06:54,2026-09-17 07:04,PASSENGER
PSG-877,2026-09-17,STN_A-STN_B,UP_MAIN,2026-09-17 22:11,2026-09-17 22:23,PASSENGER
PSG-878,2026-09-17,STN_A-STN_B,UP_MAIN,2026-09-17 05:25,2026-09-17 05:37,PASSENGER
PSG-879,2026-09-17,STN_A-STN_B,UP_MAIN,2026-09-17 03:11,2026-09-17 03:23,PASSENGER
PSG-880,2026-09-17,STN_A-STN_B,UP_MAIN,2026-09-17 08:32,2026-09-17 08:40,PASSENGER
PSG-881,2026-09-17,STN_A-STN_B,UP_MAIN,2026-09-17 12:41,2026-09-17 12:51,PASSENGER
PSG-882,2026-09-17,STN_A-STN_B,UP_MAIN,2026-09-17 01:46,2026-09-17 02:01,PASSENGER
PSG-883,2026-09-17,STN_A-STN_B,UP_MAIN,2026-09-17 21:21,2026-09-17 21:33,PASSENGER
PSG-884,2026-09-17,STN_A-STN_B,DN_MAIN,2026-09-17 23:52,2026-09-18 00:02,PASSENGER
PSG-885,2026-09-17,STN_A-STN_B,DN_MAIN,2026-09-17 14:39,2026-09-17 14:47,PASSENGER
PSG-886,2026-09-17,STN_A-STN_B,DN_MAIN,2026-09-17 03:14,2026-09-17 03:22,PASSENGER
PSG-887,2026-09-17,STN_A-STN_B,DN_MAIN,2026-09-17 07:17,2026-09-17 07:32,PASSENGER
PSG-888,2026-09-17,STN_A-STN_B,DN_MAIN,2026-09-17 02:39,2026-09-17 02:49,PASSENGER
PSG-889,2026-09-17,STN_A-STN_B,DN_MAIN,2026-09-17 20:15,2026-09-17 20:25,PASSENGER
PSG-890,2026-09-17,STN_A-STN_B,DN_MAIN,2026-09-17 17:43,2026-09-17 17:58,PASSENGER
PSG-891,2026-09-17,STN_A-STN_B,DN_MAIN,2026-09-17 00:19,2026-09-17 00:27,PASSENGER
PSG-892,2026-09-17,STN_A-STN_B,DN_MAIN,2026-09-17 23:44,2026-09-17 23:56,PASSENGER
PSG-893,2026-09-17,STN_A-STN_B,DN_MAIN,2026-09-17 04:06,2026-09-17 04:21,PASSENGER
PSG-894,2026-09-17,STN_A-STN_B,DN_MAIN,2026-09-17 23:41,2026-09-17 23:51,PASSENGER
PSG-895,2026-09-17,STN_B-STN_C,UP_MAIN,2026-09-17 02:25,2026-09-17 02:35,PASSENGER
PSG-896,2026-09-17,STN_B-STN_C,UP_MAIN,2026-09-17 13:04,2026-09-17 13:12,PASSENGER
PSG-897,2026-09-17,STN_B-STN_C,UP_MAIN,2026-09-17 03:29,2026-09-17 03:37,PASSENGER
PSG-898,2026-09-17,STN_B-STN_C,UP_MAIN,2026-09-17 10:41,2026-09-17 10:53,PASSENGER
PSG-899,2026-09-17,STN_B-STN_C,UP_MAIN,2026-09-17 10:12,2026-09-17 10:22,PASSENGER
PSG-900,2026-09-17,STN_B-STN_C,UP_MAIN,2026-09-17 13:03,2026-09-17 13:13,PASSENGER
PSG-901,2026-09-17,STN_B-STN_C,UP_MAIN,2026-09-17 21:53,2026-09-17 22:03,PASSENGER
PSG-902,2026-09-17,STN_B-STN_C,UP_MAIN,2026-09-17 02:20,2026-09-17 02:28,PASSENGER
PSG-903,2026-09-17,STN_B-STN_C,UP_MAIN,2026-09-17 20:49,2026-09-17 20:59,PASSENGER
PSG-904,2026-09-17,STN_B-STN_C,DN_MAIN,2026-09-17 11:59,2026-09-17 12:09,PASSENGER
PSG-905,2026-09-17,STN_B-STN_C,DN_MAIN,2026-09-17 21:26,2026-09-17 21:36,PASSENGER
PSG-906,2026-09-17,STN_B-STN_C,DN_MAIN,2026-09-17 14:03,2026-09-17 14:18,PASSENGER
PSG-907,2026-09-17,STN_B-STN_C,DN_MAIN,2026-09-17 07:24,2026-09-17 07:32,PASSENGER
PSG-908,2026-09-17,STN_B-STN_C,DN_MAIN,2026-09-17 03:25,2026-09-17 03:35,PASSENGER
PSG-909,2026-09-17,STN_B-STN_C,DN_MAIN,2026-09-17 04:12,2026-09-17 04:27,PASSENGER
PSG-910,2026-09-17,STN_B-STN_C,DN_MAIN,2026-09-17 11:59,2026-09-17 12:14,PASSENGER
PSG-911,2026-09-17,STN_B-STN_C,DN_MAIN,2026-09-17 10:44,2026-09-17 10:54,PASSENGER
PSG-912,2026-09-17,STN_B-STN_C,DN_MAIN,2026-09-17 08:27,2026-09-17 08:39,PASSENGER
PSG-913,2026-09-17,STN_C-STN_D,UP_MAIN,2026-09-17 02:52,2026-09-17 03:02,PASSENGER
PSG-914,2026-09-17,STN_C-STN_D,UP_MAIN,2026-09-17 18:53,2026-09-17 19:05,PASSENGER
PSG-915,2026-09-17,STN_C-STN_D,UP_MAIN,2026-09-17 23:34,2026-09-17 23:42,PASSENGER
PSG-916,2026-09-17,STN_C-STN_D,UP_MAIN,2026-09-17 22:28,2026-09-17 22:40,PASSENGER
PSG-917,2026-09-17,STN_C-STN_D,UP_MAIN,2026-09-17 07:00,2026-09-17 07:10,PASSENGER
PSG-918,2026-09-17,STN_C-STN_D,UP_MAIN,2026-09-17 13:22,2026-09-17 13:34,PASSENGER
PSG-919,2026-09-17,STN_C-STN_D,UP_MAIN,2026-09-17 22:03,2026-09-17 22:11,PASSENGER
PSG-920,2026-09-17,STN_C-STN_D,UP_MAIN,2026-09-17 08:10,2026-09-17 08:25,PASSENGER
PSG-921,2026-09-17,STN_C-STN_D,UP_MAIN,2026-09-17 13:10,2026-09-17 13:18,PASSENGER
PSG-922,2026-09-17,STN_C-STN_D,UP_MAIN,2026-09-17 08:13,2026-09-17 08:28,PASSENGER
PSG-923,2026-09-17,STN_C-STN_D,UP_MAIN,2026-09-17 21:46,2026-09-17 21:54,PASSENGER
PSG-924,2026-09-17,STN_C-STN_D,DN_MAIN,2026-09-17 00:24,2026-09-17 00:36,PASSENGER
PSG-925,2026-09-17,STN_C-STN_D,DN_MAIN,2026-09-17 10:48,2026-09-17 10:58,PASSENGER
PSG-926,2026-09-17,STN_C-STN_D,DN_MAIN,2026-09-17 13:12,2026-09-17 13:27,PASSENGER
PSG-927,2026-09-17,STN_C-STN_D,DN_MAIN,2026-09-17 12:28,2026-09-17 12:38,PASSENGER
PSG-928,2026-09-17,STN_C-STN_D,DN_MAIN,2026-09-17 16:04,2026-09-17 16:12,PASSENGER
PSG-929,2026-09-17,STN_C-STN_D,DN_MAIN,2026-09-17 00:34,2026-09-17 00:42,PASSENGER
PSG-930,2026-09-17,STN_C-STN_D,DN_MAIN,2026-09-17 00:28,2026-09-17 00:40,PASSENGER
PSG-931,2026-09-17,STN_C-STN_D,DN_MAIN,2026-09-17 07:21,2026-09-17 07:29,PASSENGER
PSG-932,2026-09-17,STN_C-STN_D,DN_MAIN,2026-09-17 02:03,2026-09-17 02:18,PASSENGER
PSG-933,2026-09-17,STN_C-STN_D,DN_MAIN,2026-09-17 17:17,2026-09-17 17:29,PASSENGER
PSG-934,2026-09-18,STN_A-STN_B,UP_MAIN,2026-09-18 17:06,2026-09-18 17:21,PASSENGER
PSG-935,2026-09-18,STN_A-STN_B,UP_MAIN,2026-09-18 14:27,2026-09-18 14:42,PASSENGER
PSG-936,2026-09-18,STN_A-STN_B,UP_MAIN,2026-09-18 02:48,2026-09-18 02:58,PASSENGER
PSG-937,2026-09-18,STN_A-STN_B,UP_MAIN,2026-09-18 09:28,2026-09-18 09:36,PASSENGER
PSG-938,2026-09-18,STN_A-STN_B,UP_MAIN,2026-09-18 10:34,2026-09-18 10:42,PASSENGER
PSG-939,2026-09-18,STN_A-STN_B,UP_MAIN,2026-09-18 17:27,2026-09-18 17:37,PASSENGER
PSG-940,2026-09-18,STN_A-STN_B,UP_MAIN,2026-09-18 05:18,2026-09-18 05:30,PASSENGER
PSG-941,2026-09-18,STN_A-STN_B,UP_MAIN,2026-09-18 13:20,2026-09-18 13:28,PASSENGER
PSG-942,2026-09-18,STN_A-STN_B,UP_MAIN,2026-09-18 10:35,2026-09-18 10:50,PASSENGER
PSG-943,2026-09-18,STN_A-STN_B,UP_MAIN,2026-09-18 08:08,2026-09-18 08:16,PASSENGER
PSG-944,2026-09-18,STN_A-STN_B,UP_MAIN,2026-09-18 08:20,2026-09-18 08:28,PASSENGER
PSG-945,2026-09-18,STN_A-STN_B,DN_MAIN,2026-09-18 03:57,2026-09-18 04:12,PASSENGER
PSG-946,2026-09-18,STN_A-STN_B,DN_MAIN,2026-09-18 20:53,2026-09-18 21:01,PASSENGER
PSG-947,2026-09-18,STN_A-STN_B,DN_MAIN,2026-09-18 10:33,2026-09-18 10:43,PASSENGER
PSG-948,2026-09-18,STN_A-STN_B,DN_MAIN,2026-09-18 04:04,2026-09-18 04:12,PASSENGER
PSG-949,2026-09-18,STN_A-STN_B,DN_MAIN,2026-09-18 04:41,2026-09-18 04:49,PASSENGER
PSG-950,2026-09-18,STN_A-STN_B,DN_MAIN,2026-09-18 05:35,2026-09-18 05:50,PASSENGER
PSG-951,2026-09-18,STN_A-STN_B,DN_MAIN,2026-09-18 11:50,2026-09-18 12:02,PASSENGER
PSG-952,2026-09-18,STN_A-STN_B,DN_MAIN,2026-09-18 05:41,2026-09-18 05:53,PASSENGER
PSG-953,2026-09-18,STN_A-STN_B,DN_MAIN,2026-09-18 04:19,2026-09-18 04:31,PASSENGER
PSG-954,2026-09-18,STN_B-STN_C,UP_MAIN,2026-09-18 04:01,2026-09-18 04:09,PASSENGER
PSG-955,2026-09-18,STN_B-STN_C,UP_MAIN,2026-09-18 11:26,2026-09-18 11:41,PASSENGER
PSG-956,2026-09-18,STN_B-STN_C,UP_MAIN,2026-09-18 09:17,2026-09-18 09:25,PASSENGER
PSG-957,2026-09-18,STN_B-STN_C,UP_MAIN,2026-09-18 08:58,2026-09-18 09:06,PASSENGER
PSG-958,2026-09-18,STN_B-STN_C,UP_MAIN,2026-09-18 16:56,2026-09-18 17:11,PASSENGER
PSG-959,2026-09-18,STN_B-STN_C,UP_MAIN,2026-09-18 17:26,2026-09-18 17:38,PASSENGER
PSG-960,2026-09-18,STN_B-STN_C,UP_MAIN,2026-09-18 01:53,2026-09-18 02:08,PASSENGER
PSG-961,2026-09-18,STN_B-STN_C,UP_MAIN,2026-09-18 19:20,2026-09-18 19:30,PASSENGER
PSG-962,2026-09-18,STN_B-STN_C,UP_MAIN,2026-09-18 12:33,2026-09-18 12:43,PASSENGER
PSG-963,2026-09-18,STN_B-STN_C,UP_MAIN,2026-09-18 08:42,2026-09-18 08:50,PASSENGER
PSG-964,2026-09-18,STN_B-STN_C,UP_MAIN,2026-09-18 19:35,2026-09-18 19:43,PASSENGER
PSG-965,2026-09-18,STN_B-STN_C,DN_MAIN,2026-09-18 17:22,2026-09-18 17:30,PASSENGER
PSG-966,2026-09-18,STN_B-STN_C,DN_MAIN,2026-09-18 01:30,2026-09-18 01:38,PASSENGER
PSG-967,2026-09-18,STN_B-STN_C,DN_MAIN,2026-09-18 08:20,2026-09-18 08:28,PASSENGER
PSG-968,2026-09-18,STN_B-STN_C,DN_MAIN,2026-09-18 16:06,2026-09-18 16:18,PASSENGER
PSG-969,2026-09-18,STN_B-STN_C,DN_MAIN,2026-09-18 13:04,2026-09-18 13:14,PASSENGER
PSG-970,2026-09-18,STN_B-STN_C,DN_MAIN,2026-09-18 06:06,2026-09-18 06:14,PASSENGER
PSG-971,2026-09-18,STN_B-STN_C,DN_MAIN,2026-09-18 18:52,2026-09-18 19:07,PASSENGER
PSG-972,2026-09-18,STN_C-STN_D,UP_MAIN,2026-09-18 10:59,2026-09-18 11:09,PASSENGER
PSG-973,2026-09-18,STN_C-STN_D,UP_MAIN,2026-09-18 14:12,2026-09-18 14:24,PASSENGER
PSG-974,2026-09-18,STN_C-STN_D,UP_MAIN,2026-09-18 09:15,2026-09-18 09:23,PASSENGER
PSG-975,2026-09-18,STN_C-STN_D,UP_MAIN,2026-09-18 19:30,2026-09-18 19:42,PASSENGER
PSG-976,2026-09-18,STN_C-STN_D,UP_MAIN,2026-09-18 04:04,2026-09-18 04:12,PASSENGER
PSG-977,2026-09-18,STN_C-STN_D,UP_MAIN,2026-09-18 06:07,2026-09-18 06:17,PASSENGER
PSG-978,2026-09-18,STN_C-STN_D,UP_MAIN,2026-09-18 17:36,2026-09-18 17:44,PASSENGER
PSG-979,2026-09-18,STN_C-STN_D,DN_MAIN,2026-09-18 02:21,2026-09-18 02:36,PASSENGER
PSG-980,2026-09-18,STN_C-STN_D,DN_MAIN,2026-09-18 09:38,2026-09-18 09:50,PASSENGER
PSG-981,2026-09-18,STN_C-STN_D,DN_MAIN,2026-09-18 11:10,2026-09-18 11:18,PASSENGER
PSG-982,2026-09-18,STN_C-STN_D,DN_MAIN,2026-09-18 18:52,2026-09-18 19:07,PASSENGER
PSG-983,2026-09-18,STN_C-STN_D,DN_MAIN,2026-09-18 00:16,2026-09-18 00:28,PASSENGER
PSG-984,2026-09-18,STN_C-STN_D,DN_MAIN,2026-09-18 06:50,2026-09-18 07:02,PASSENGER
PSG-985,2026-09-18,STN_C-STN_D,DN_MAIN,2026-09-18 19:14,2026-09-18 19:26,PASSENGER
PSG-986,2026-09-18,STN_C-STN_D,DN_MAIN,2026-09-18 21:15,2026-09-18 21:25,PASSENGER
PSG-987,2026-09-18,STN_C-STN_D,DN_MAIN,2026-09-18 15:50,2026-09-18 16:02,PASSENGER
PSG-988,2026-09-19,STN_A-STN_B,UP_MAIN,2026-09-19 16:50,2026-09-19 17:00,PASSENGER
PSG-989,2026-09-19,STN_A-STN_B,UP_MAIN,2026-09-19 18:39,2026-09-19 18:49,PASSENGER
PSG-990,2026-09-19,STN_A-STN_B,UP_MAIN,2026-09-19 05:08,2026-09-19 05:16,PASSENGER
PSG-991,2026-09-19,STN_A-STN_B,UP_MAIN,2026-09-19 13:59,2026-09-19 14:07,PASSENGER
PSG-992,2026-09-19,STN_A-STN_B,UP_MAIN,2026-09-19 07:57,2026-09-19 08:09,PASSENGER
PSG-993,2026-09-19,STN_A-STN_B,UP_MAIN,2026-09-19 21:42,2026-09-19 21:50,PASSENGER
PSG-994,2026-09-19,STN_A-STN_B,UP_MAIN,2026-09-19 11:26,2026-09-19 11:34,PASSENGER
PSG-995,2026-09-19,STN_A-STN_B,UP_MAIN,2026-09-19 22:26,2026-09-19 22:41,PASSENGER
PSG-996,2026-09-19,STN_A-STN_B,UP_MAIN,2026-09-19 10:29,2026-09-19 10:37,PASSENGER
PSG-997,2026-09-19,STN_A-STN_B,UP_MAIN,2026-09-19 07:00,2026-09-19 07:10,PASSENGER
PSG-998,2026-09-19,STN_A-STN_B,DN_MAIN,2026-09-19 16:47,2026-09-19 16:55,PASSENGER
PSG-999,2026-09-19,STN_A-STN_B,DN_MAIN,2026-09-19 04:51,2026-09-19 05:03,PASSENGER
PSG-1000,2026-09-19,STN_A-STN_B,DN_MAIN,2026-09-19 03:10,2026-09-19 03:18,PASSENGER
PSG-1001,2026-09-19,STN_A-STN_B,DN_MAIN,2026-09-19 07:54,2026-09-19 08:09,PASSENGER
PSG-1002,2026-09-19,STN_A-STN_B,DN_MAIN,2026-09-19 23:55,2026-09-20 00:07,PASSENGER
PSG-1003,2026-09-19,STN_A-STN_B,DN_MAIN,2026-09-19 15:38,2026-09-19 15:46,PASSENGER
PSG-1004,2026-09-19,STN_A-STN_B,DN_MAIN,2026-09-19 19:49,2026-09-19 19:57,PASSENGER
PSG-1005,2026-09-19,STN_A-STN_B,DN_MAIN,2026-09-19 17:15,2026-09-19 17:25,PASSENGER
PSG-1006,2026-09-19,STN_A-STN_B,DN_MAIN,2026-09-19 21:45,2026-09-19 22:00,PASSENGER
PSG-1007,2026-09-19,STN_B-STN_C,UP_MAIN,2026-09-19 20:12,2026-09-19 20:20,PASSENGER
PSG-1008,2026-09-19,STN_B-STN_C,UP_MAIN,2026-09-19 14:50,2026-09-19 15:00,PASSENGER
PSG-1009,2026-09-19,STN_B-STN_C,UP_MAIN,2026-09-19 08:04,2026-09-19 08:16,PASSENGER
PSG-1010,2026-09-19,STN_B-STN_C,UP_MAIN,2026-09-19 08:54,2026-09-19 09:06,PASSENGER
PSG-1011,2026-09-19,STN_B-STN_C,UP_MAIN,2026-09-19 13:24,2026-09-19 13:36,PASSENGER
PSG-1012,2026-09-19,STN_B-STN_C,UP_MAIN,2026-09-19 10:51,2026-09-19 11:06,PASSENGER
PSG-1013,2026-09-19,STN_B-STN_C,DN_MAIN,2026-09-19 07:58,2026-09-19 08:06,PASSENGER
PSG-1014,2026-09-19,STN_B-STN_C,DN_MAIN,2026-09-19 06:55,2026-09-19 07:05,PASSENGER
PSG-1015,2026-09-19,STN_B-STN_C,DN_MAIN,2026-09-19 19:57,2026-09-19 20:05,PASSENGER
PSG-1016,2026-09-19,STN_B-STN_C,DN_MAIN,2026-09-19 05:18,2026-09-19 05:26,PASSENGER
PSG-1017,2026-09-19,STN_B-STN_C,DN_MAIN,2026-09-19 05:36,2026-09-19 05:51,PASSENGER
PSG-1018,2026-09-19,STN_B-STN_C,DN_MAIN,2026-09-19 15:54,2026-09-19 16:06,PASSENGER
PSG-1019,2026-09-19,STN_B-STN_C,DN_MAIN,2026-09-19 13:52,2026-09-19 14:00,PASSENGER
PSG-1020,2026-09-19,STN_B-STN_C,DN_MAIN,2026-09-19 18:17,2026-09-19 18:29,PASSENGER
PSG-1021,2026-09-19,STN_C-STN_D,UP_MAIN,2026-09-19 07:05,2026-09-19 07:20,PASSENGER
PSG-1022,2026-09-19,STN_C-STN_D,UP_MAIN,2026-09-19 10:31,2026-09-19 10:46,PASSENGER
PSG-1023,2026-09-19,STN_C-STN_D,UP_MAIN,2026-09-19 09:02,2026-09-19 09:10,PASSENGER
PSG-1024,2026-09-19,STN_C-STN_D,UP_MAIN,2026-09-19 03:05,2026-09-19 03:15,PASSENGER
PSG-1025,2026-09-19,STN_C-STN_D,UP_MAIN,2026-09-19 23:25,2026-09-19 23:37,PASSENGER
PSG-1026,2026-09-19,STN_C-STN_D,UP_MAIN,2026-09-19 23:47,2026-09-19 23:55,PASSENGER
PSG-1027,2026-09-19,STN_C-STN_D,UP_MAIN,2026-09-19 07:20,2026-09-19 07:32,PASSENGER
PSG-1028,2026-09-19,STN_C-STN_D,UP_MAIN,2026-09-19 05:03,2026-09-19 05:11,PASSENGER
PSG-1029,2026-09-19,STN_C-STN_D,UP_MAIN,2026-09-19 08:28,2026-09-19 08:40,PASSENGER
PSG-1030,2026-09-19,STN_C-STN_D,UP_MAIN,2026-09-19 13:31,2026-09-19 13:39,PASSENGER
PSG-1031,2026-09-19,STN_C-STN_D,UP_MAIN,2026-09-19 23:06,2026-09-19 23:18,PASSENGER
PSG-1032,2026-09-19,STN_C-STN_D,UP_MAIN,2026-09-19 08:52,2026-09-19 09:02,PASSENGER
PSG-1033,2026-09-19,STN_C-STN_D,DN_MAIN,2026-09-19 13:48,2026-09-19 14:03,PASSENGER
PSG-1034,2026-09-19,STN_C-STN_D,DN_MAIN,2026-09-19 18:58,2026-09-19 19:08,PASSENGER
PSG-1035,2026-09-19,STN_C-STN_D,DN_MAIN,2026-09-19 03:13,2026-09-19 03:28,PASSENGER
PSG-1036,2026-09-19,STN_C-STN_D,DN_MAIN,2026-09-19 03:28,2026-09-19 03:38,PASSENGER
PSG-1037,2026-09-19,STN_C-STN_D,DN_MAIN,2026-09-19 04:08,2026-09-19 04:16,PASSENGER
PSG-1038,2026-09-19,STN_C-STN_D,DN_MAIN,2026-09-19 02:06,2026-09-19 02:16,PASSENGER
PSG-1039,2026-09-20,STN_A-STN_B,UP_MAIN,2026-09-20 06:45,2026-09-20 07:00,PASSENGER
PSG-1040,2026-09-20,STN_A-STN_B,UP_MAIN,2026-09-20 12:42,2026-09-20 12:50,PASSENGER
PSG-1041,2026-09-20,STN_A-STN_B,UP_MAIN,2026-09-20 19:52,2026-09-20 20:04,PASSENGER
PSG-1042,2026-09-20,STN_A-STN_B,UP_MAIN,2026-09-20 02:33,2026-09-20 02:41,PASSENGER
PSG-1043,2026-09-20,STN_A-STN_B,UP_MAIN,2026-09-20 02:12,2026-09-20 02:22,PASSENGER
PSG-1044,2026-09-20,STN_A-STN_B,UP_MAIN,2026-09-20 22:02,2026-09-20 22:17,PASSENGER
PSG-1045,2026-09-20,STN_A-STN_B,UP_MAIN,2026-09-20 04:23,2026-09-20 04:31,PASSENGER
PSG-1046,2026-09-20,STN_A-STN_B,DN_MAIN,2026-09-20 11:19,2026-09-20 11:27,PASSENGER
PSG-1047,2026-09-20,STN_A-STN_B,DN_MAIN,2026-09-20 01:27,2026-09-20 01:42,PASSENGER
PSG-1048,2026-09-20,STN_A-STN_B,DN_MAIN,2026-09-20 01:43,2026-09-20 01:53,PASSENGER
PSG-1049,2026-09-20,STN_A-STN_B,DN_MAIN,2026-09-20 19:35,2026-09-20 19:50,PASSENGER
PSG-1050,2026-09-20,STN_A-STN_B,DN_MAIN,2026-09-20 13:28,2026-09-20 13:43,PASSENGER
PSG-1051,2026-09-20,STN_A-STN_B,DN_MAIN,2026-09-20 01:00,2026-09-20 01:15,PASSENGER
PSG-1052,2026-09-20,STN_A-STN_B,DN_MAIN,2026-09-20 23:19,2026-09-20 23:34,PASSENGER
PSG-1053,2026-09-20,STN_A-STN_B,DN_MAIN,2026-09-20 05:53,2026-09-20 06:05,PASSENGER
PSG-1054,2026-09-20,STN_A-STN_B,DN_MAIN,2026-09-20 07:19,2026-09-20 07:29,PASSENGER
PSG-1055,2026-09-20,STN_A-STN_B,DN_MAIN,2026-09-20 09:23,2026-09-20 09:35,PASSENGER
PSG-1056,2026-09-20,STN_A-STN_B,DN_MAIN,2026-09-20 15:13,2026-09-20 15:23,PASSENGER
PSG-1057,2026-09-20,STN_A-STN_B,DN_MAIN,2026-09-20 01:10,2026-09-20 01:20,PASSENGER
PSG-1058,2026-09-20,STN_B-STN_C,UP_MAIN,2026-09-20 10:04,2026-09-20 10:19,PASSENGER
PSG-1059,2026-09-20,STN_B-STN_C,UP_MAIN,2026-09-20 14:03,2026-09-20 14:18,PASSENGER
PSG-1060,2026-09-20,STN_B-STN_C,UP_MAIN,2026-09-20 02:04,2026-09-20 02:12,PASSENGER
PSG-1061,2026-09-20,STN_B-STN_C,UP_MAIN,2026-09-20 09:32,2026-09-20 09:47,PASSENGER
PSG-1062,2026-09-20,STN_B-STN_C,UP_MAIN,2026-09-20 04:41,2026-09-20 04:56,PASSENGER
PSG-1063,2026-09-20,STN_B-STN_C,UP_MAIN,2026-09-20 06:48,2026-09-20 06:58,PASSENGER
PSG-1064,2026-09-20,STN_B-STN_C,UP_MAIN,2026-09-20 21:31,2026-09-20 21:39,PASSENGER
PSG-1065,2026-09-20,STN_B-STN_C,UP_MAIN,2026-09-20 13:03,2026-09-20 13:15,PASSENGER
PSG-1066,2026-09-20,STN_B-STN_C,UP_MAIN,2026-09-20 16:22,2026-09-20 16:37,PASSENGER
PSG-1067,2026-09-20,STN_B-STN_C,UP_MAIN,2026-09-20 11:44,2026-09-20 11:56,PASSENGER
PSG-1068,2026-09-20,STN_B-STN_C,UP_MAIN,2026-09-20 13:15,2026-09-20 13:27,PASSENGER
PSG-1069,2026-09-20,STN_B-STN_C,DN_MAIN,2026-09-20 00:53,2026-09-20 01:05,PASSENGER
PSG-1070,2026-09-20,STN_B-STN_C,DN_MAIN,2026-09-20 20:22,2026-09-20 20:32,PASSENGER
PSG-1071,2026-09-20,STN_B-STN_C,DN_MAIN,2026-09-20 01:00,2026-09-20 01:12,PASSENGER
PSG-1072,2026-09-20,STN_B-STN_C,DN_MAIN,2026-09-20 01:59,2026-09-20 02:14,PASSENGER
PSG-1073,2026-09-20,STN_B-STN_C,DN_MAIN,2026-09-20 18:04,2026-09-20 18:16,PASSENGER
PSG-1074,2026-09-20,STN_B-STN_C,DN_MAIN,2026-09-20 19:56,2026-09-20 20:06,PASSENGER
PSG-1075,2026-09-20,STN_B-STN_C,DN_MAIN,2026-09-20 05:26,2026-09-20 05:34,PASSENGER
PSG-1076,2026-09-20,STN_C-STN_D,UP_MAIN,2026-09-20 22:25,2026-09-20 22:35,PASSENGER
PSG-1077,2026-09-20,STN_C-STN_D,UP_MAIN,2026-09-20 09:05,2026-09-20 09:13,PASSENGER
PSG-1078,2026-09-20,STN_C-STN_D,UP_MAIN,2026-09-20 07:29,2026-09-20 07:44,PASSENGER
PSG-1079,2026-09-20,STN_C-STN_D,UP_MAIN,2026-09-20 12:06,2026-09-20 12:16,PASSENGER
PSG-1080,2026-09-20,STN_C-STN_D,UP_MAIN,2026-09-20 06:00,2026-09-20 06:10,PASSENGER
PSG-1081,2026-09-20,STN_C-STN_D,UP_MAIN,2026-09-20 20:13,2026-09-20 20:25,PASSENGER
PSG-1082,2026-09-20,STN_C-STN_D,UP_MAIN,2026-09-20 23:48,2026-09-21 00:00,PASSENGER
PSG-1083,2026-09-20,STN_C-STN_D,DN_MAIN,2026-09-20 00:57,2026-09-20 01:09,PASSENGER
PSG-1084,2026-09-20,STN_C-STN_D,DN_MAIN,2026-09-20 19:22,2026-09-20 19:32,PASSENGER
PSG-1085,2026-09-20,STN_C-STN_D,DN_MAIN,2026-09-20 19:13,2026-09-20 19:23,PASSENGER
PSG-1086,2026-09-20,STN_C-STN_D,DN_MAIN,2026-09-20 16:48,2026-09-20 17:00,PASSENGER
PSG-1087,2026-09-20,STN_C-STN_D,DN_MAIN,2026-09-20 05:59,2026-09-20 06:14,PASSENGER
PSG-1088,2026-09-20,STN_C-STN_D,DN_MAIN,2026-09-20 01:17,2026-09-20 01:25,PASSENGER
PSG-1089,2026-09-20,STN_C-STN_D,DN_MAIN,2026-09-20 01:55,2026-09-20 02:05,PASSENGER
PSG-1090,2026-09-20,STN_C-STN_D,DN_MAIN,2026-09-20 20:32,2026-09-20 20:42,PASSENGER
PSG-1091,2026-09-20,STN_C-STN_D,DN_MAIN,2026-09-20 00:40,2026-09-20 00:55,PASSENGER
PSG-1092,2026-09-20,STN_C-STN_D,DN_MAIN,2026-09-20 00:01,2026-09-20 00:13,PASSENGER
PSG-1093,2026-09-21,STN_A-STN_B,UP_MAIN,2026-09-21 06:52,2026-09-21 07:02,PASSENGER
PSG-1094,2026-09-21,STN_A-STN_B,UP_MAIN,2026-09-21 11:37,2026-09-21 11:47,PASSENGER
PSG-1095,2026-09-21,STN_A-STN_B,UP_MAIN,2026-09-21 11:02,2026-09-21 11:10,PASSENGER
PSG-1096,2026-09-21,STN_A-STN_B,UP_MAIN,2026-09-21 00:44,2026-09-21 00:54,PASSENGER
PSG-1097,2026-09-21,STN_A-STN_B,UP_MAIN,2026-09-21 20:01,2026-09-21 20:11,PASSENGER
PSG-1098,2026-09-21,STN_A-STN_B,UP_MAIN,2026-09-21 03:47,2026-09-21 03:59,PASSENGER
PSG-1099,2026-09-21,STN_A-STN_B,UP_MAIN,2026-09-21 02:28,2026-09-21 02:40,PASSENGER
PSG-1100,2026-09-21,STN_A-STN_B,UP_MAIN,2026-09-21 22:36,2026-09-21 22:51,PASSENGER
PSG-1101,2026-09-21,STN_A-STN_B,UP_MAIN,2026-09-21 20:00,2026-09-21 20:08,PASSENGER
PSG-1102,2026-09-21,STN_A-STN_B,UP_MAIN,2026-09-21 11:29,2026-09-21 11:41,PASSENGER
PSG-1103,2026-09-21,STN_A-STN_B,DN_MAIN,2026-09-21 04:39,2026-09-21 04:49,PASSENGER
PSG-1104,2026-09-21,STN_A-STN_B,DN_MAIN,2026-09-21 14:54,2026-09-21 15:09,PASSENGER
PSG-1105,2026-09-21,STN_A-STN_B,DN_MAIN,2026-09-21 22:09,2026-09-21 22:21,PASSENGER
PSG-1106,2026-09-21,STN_A-STN_B,DN_MAIN,2026-09-21 05:56,2026-09-21 06:08,PASSENGER
PSG-1107,2026-09-21,STN_A-STN_B,DN_MAIN,2026-09-21 07:37,2026-09-21 07:47,PASSENGER
PSG-1108,2026-09-21,STN_A-STN_B,DN_MAIN,2026-09-21 12:54,2026-09-21 13:06,PASSENGER
PSG-1109,2026-09-21,STN_A-STN_B,DN_MAIN,2026-09-21 23:30,2026-09-21 23:42,PASSENGER
PSG-1110,2026-09-21,STN_A-STN_B,DN_MAIN,2026-09-21 04:20,2026-09-21 04:30,PASSENGER
PSG-1111,2026-09-21,STN_B-STN_C,UP_MAIN,2026-09-21 00:03,2026-09-21 00:18,PASSENGER
PSG-1112,2026-09-21,STN_B-STN_C,UP_MAIN,2026-09-21 19:22,2026-09-21 19:30,PASSENGER
PSG-1113,2026-09-21,STN_B-STN_C,UP_MAIN,2026-09-21 06:12,2026-09-21 06:24,PASSENGER
PSG-1114,2026-09-21,STN_B-STN_C,UP_MAIN,2026-09-21 20:52,2026-09-21 21:02,PASSENGER
PSG-1115,2026-09-21,STN_B-STN_C,UP_MAIN,2026-09-21 21:49,2026-09-21 21:57,PASSENGER
PSG-1116,2026-09-21,STN_B-STN_C,UP_MAIN,2026-09-21 16:56,2026-09-21 17:06,PASSENGER
PSG-1117,2026-09-21,STN_B-STN_C,UP_MAIN,2026-09-21 11:18,2026-09-21 11:26,PASSENGER
PSG-1118,2026-09-21,STN_B-STN_C,UP_MAIN,2026-09-21 08:07,2026-09-21 08:19,PASSENGER
PSG-1119,2026-09-21,STN_B-STN_C,UP_MAIN,2026-09-21 10:54,2026-09-21 11:04,PASSENGER
PSG-1120,2026-09-21,STN_B-STN_C,UP_MAIN,2026-09-21 21:42,2026-09-21 21:50,PASSENGER
PSG-1121,2026-09-21,STN_B-STN_C,UP_MAIN,2026-09-21 22:52,2026-09-21 23:04,PASSENGER
PSG-1122,2026-09-21,STN_B-STN_C,DN_MAIN,2026-09-21 00:23,2026-09-21 00:35,PASSENGER
PSG-1123,2026-09-21,STN_B-STN_C,DN_MAIN,2026-09-21 07:09,2026-09-21 07:19,PASSENGER
PSG-1124,2026-09-21,STN_B-STN_C,DN_MAIN,2026-09-21 23:39,2026-09-21 23:47,PASSENGER
PSG-1125,2026-09-21,STN_B-STN_C,DN_MAIN,2026-09-21 11:57,2026-09-21 12:09,PASSENGER
PSG-1126,2026-09-21,STN_B-STN_C,DN_MAIN,2026-09-21 03:41,2026-09-21 03:49,PASSENGER
PSG-1127,2026-09-21,STN_B-STN_C,DN_MAIN,2026-09-21 01:38,2026-09-21 01:53,PASSENGER
PSG-1128,2026-09-21,STN_B-STN_C,DN_MAIN,2026-09-21 14:57,2026-09-21 15:12,PASSENGER
PSG-1129,2026-09-21,STN_B-STN_C,DN_MAIN,2026-09-21 05:40,2026-09-21 05:55,PASSENGER
PSG-1130,2026-09-21,STN_B-STN_C,DN_MAIN,2026-09-21 16:49,2026-09-21 17:04,PASSENGER
PSG-1131,2026-09-21,STN_C-STN_D,UP_MAIN,2026-09-21 18:38,2026-09-21 18:53,PASSENGER
PSG-1132,2026-09-21,STN_C-STN_D,UP_MAIN,2026-09-21 03:27,2026-09-21 03:42,PASSENGER
PSG-1133,2026-09-21,STN_C-STN_D,UP_MAIN,2026-09-21 19:43,2026-09-21 19:53,PASSENGER
PSG-1134,2026-09-21,STN_C-STN_D,UP_MAIN,2026-09-21 05:33,2026-09-21 05:48,PASSENGER
PSG-1135,2026-09-21,STN_C-STN_D,UP_MAIN,2026-09-21 02:30,2026-09-21 02:38,PASSENGER
PSG-1136,2026-09-21,STN_C-STN_D,UP_MAIN,2026-09-21 10:03,2026-09-21 10:11,PASSENGER
PSG-1137,2026-09-21,STN_C-STN_D,UP_MAIN,2026-09-21 10:52,2026-09-21 11:04,PASSENGER
PSG-1138,2026-09-21,STN_C-STN_D,UP_MAIN,2026-09-21 03:34,2026-09-21 03:42,PASSENGER
PSG-1139,2026-09-21,STN_C-STN_D,DN_MAIN,2026-09-21 05:48,2026-09-21 06:03,PASSENGER
PSG-1140,2026-09-21,STN_C-STN_D,DN_MAIN,2026-09-21 05:29,2026-09-21 05:37,PASSENGER
PSG-1141,2026-09-21,STN_C-STN_D,DN_MAIN,2026-09-21 18:40,2026-09-21 18:48,PASSENGER
PSG-1142,2026-09-21,STN_C-STN_D,DN_MAIN,2026-09-21 11:32,2026-09-21 11:47,PASSENGER
PSG-1143,2026-09-21,STN_C-STN_D,DN_MAIN,2026-09-21 01:03,2026-09-21 01:18,PASSENGER
PSG-1144,2026-09-21,STN_C-STN_D,DN_MAIN,2026-09-21 22:18,2026-09-21 22:28,PASSENGER
PSG-1145,2026-09-21,STN_C-STN_D,DN_MAIN,2026-09-21 20:43,2026-09-21 20:58,PASSENGER
PSG-1146,2026-09-21,STN_C-STN_D,DN_MAIN,2026-09-21 05:21,2026-09-21 05:29,PASSENGER
PSG-1147,2026-09-22,STN_A-STN_B,UP_MAIN,2026-09-22 11:18,2026-09-22 11:28,PASSENGER
PSG-1148,2026-09-22,STN_A-STN_B,UP_MAIN,2026-09-22 06:29,2026-09-22 06:44,PASSENGER
PSG-1149,2026-09-22,STN_A-STN_B,UP_MAIN,2026-09-22 23:47,2026-09-22 23:59,PASSENGER
PSG-1150,2026-09-22,STN_A-STN_B,UP_MAIN,2026-09-22 22:32,2026-09-22 22:44,PASSENGER
PSG-1151,2026-09-22,STN_A-STN_B,UP_MAIN,2026-09-22 10:09,2026-09-22 10:19,PASSENGER
PSG-1152,2026-09-22,STN_A-STN_B,UP_MAIN,2026-09-22 03:16,2026-09-22 03:24,PASSENGER
PSG-1153,2026-09-22,STN_A-STN_B,DN_MAIN,2026-09-22 19:30,2026-09-22 19:45,PASSENGER
PSG-1154,2026-09-22,STN_A-STN_B,DN_MAIN,2026-09-22 05:14,2026-09-22 05:22,PASSENGER
PSG-1155,2026-09-22,STN_A-STN_B,DN_MAIN,2026-09-22 12:18,2026-09-22 12:26,PASSENGER
PSG-1156,2026-09-22,STN_A-STN_B,DN_MAIN,2026-09-22 14:35,2026-09-22 14:43,PASSENGER
PSG-1157,2026-09-22,STN_A-STN_B,DN_MAIN,2026-09-22 10:03,2026-09-22 10:18,PASSENGER
PSG-1158,2026-09-22,STN_A-STN_B,DN_MAIN,2026-09-22 06:48,2026-09-22 06:56,PASSENGER
PSG-1159,2026-09-22,STN_A-STN_B,DN_MAIN,2026-09-22 00:52,2026-09-22 01:02,PASSENGER
PSG-1160,2026-09-22,STN_A-STN_B,DN_MAIN,2026-09-22 05:49,2026-09-22 06:01,PASSENGER
PSG-1161,2026-09-22,STN_A-STN_B,DN_MAIN,2026-09-22 02:47,2026-09-22 03:02,PASSENGER
PSG-1162,2026-09-22,STN_B-STN_C,UP_MAIN,2026-09-22 03:56,2026-09-22 04:08,PASSENGER
PSG-1163,2026-09-22,STN_B-STN_C,UP_MAIN,2026-09-22 13:34,2026-09-22 13:49,PASSENGER
PSG-1164,2026-09-22,STN_B-STN_C,UP_MAIN,2026-09-22 16:41,2026-09-22 16:53,PASSENGER
PSG-1165,2026-09-22,STN_B-STN_C,UP_MAIN,2026-09-22 03:06,2026-09-22 03:21,PASSENGER
PSG-1166,2026-09-22,STN_B-STN_C,UP_MAIN,2026-09-22 06:18,2026-09-22 06:30,PASSENGER
PSG-1167,2026-09-22,STN_B-STN_C,UP_MAIN,2026-09-22 13:01,2026-09-22 13:13,PASSENGER
PSG-1168,2026-09-22,STN_B-STN_C,UP_MAIN,2026-09-22 06:22,2026-09-22 06:37,PASSENGER
PSG-1169,2026-09-22,STN_B-STN_C,UP_MAIN,2026-09-22 01:31,2026-09-22 01:43,PASSENGER
PSG-1170,2026-09-22,STN_B-STN_C,UP_MAIN,2026-09-22 15:00,2026-09-22 15:15,PASSENGER
PSG-1171,2026-09-22,STN_B-STN_C,UP_MAIN,2026-09-22 08:59,2026-09-22 09:09,PASSENGER
PSG-1172,2026-09-22,STN_B-STN_C,UP_MAIN,2026-09-22 09:10,2026-09-22 09:18,PASSENGER
PSG-1173,2026-09-22,STN_B-STN_C,UP_MAIN,2026-09-22 05:09,2026-09-22 05:17,PASSENGER
PSG-1174,2026-09-22,STN_B-STN_C,DN_MAIN,2026-09-22 22:48,2026-09-22 23:00,PASSENGER
PSG-1175,2026-09-22,STN_B-STN_C,DN_MAIN,2026-09-22 18:28,2026-09-22 18:43,PASSENGER
PSG-1176,2026-09-22,STN_B-STN_C,DN_MAIN,2026-09-22 20:07,2026-09-22 20:17,PASSENGER
PSG-1177,2026-09-22,STN_B-STN_C,DN_MAIN,2026-09-22 18:53,2026-09-22 19:01,PASSENGER
PSG-1178,2026-09-22,STN_B-STN_C,DN_MAIN,2026-09-22 13:12,2026-09-22 13:27,PASSENGER
PSG-1179,2026-09-22,STN_B-STN_C,DN_MAIN,2026-09-22 18:16,2026-09-22 18:31,PASSENGER
PSG-1180,2026-09-22,STN_C-STN_D,UP_MAIN,2026-09-22 08:02,2026-09-22 08:17,PASSENGER
PSG-1181,2026-09-22,STN_C-STN_D,UP_MAIN,2026-09-22 10:12,2026-09-22 10:20,PASSENGER
PSG-1182,2026-09-22,STN_C-STN_D,UP_MAIN,2026-09-22 13:28,2026-09-22 13:36,PASSENGER
PSG-1183,2026-09-22,STN_C-STN_D,UP_MAIN,2026-09-22 17:08,2026-09-22 17:18,PASSENGER
PSG-1184,2026-09-22,STN_C-STN_D,UP_MAIN,2026-09-22 04:06,2026-09-22 04:21,PASSENGER
PSG-1185,2026-09-22,STN_C-STN_D,UP_MAIN,2026-09-22 05:54,2026-09-22 06:04,PASSENGER
PSG-1186,2026-09-22,STN_C-STN_D,UP_MAIN,2026-09-22 07:13,2026-09-22 07:23,PASSENGER
PSG-1187,2026-09-22,STN_C-STN_D,UP_MAIN,2026-09-22 04:18,2026-09-22 04:26,PASSENGER
PSG-1188,2026-09-22,STN_C-STN_D,UP_MAIN,2026-09-22 14:27,2026-09-22 14:35,PASSENGER
PSG-1189,2026-09-22,STN_C-STN_D,UP_MAIN,2026-09-22 23:19,2026-09-22 23:34,PASSENGER
PSG-1190,2026-09-22,STN_C-STN_D,DN_MAIN,2026-09-22 21:24,2026-09-22 21:34,PASSENGER
PSG-1191,2026-09-22,STN_C-STN_D,DN_MAIN,2026-09-22 20:18,2026-09-22 20:30,PASSENGER
PSG-1192,2026-09-22,STN_C-STN_D,DN_MAIN,2026-09-22 10:54,2026-09-22 11:02,PASSENGER
PSG-1193,2026-09-22,STN_C-STN_D,DN_MAIN,2026-09-22 02:58,2026-09-22 03:13,PASSENGER
PSG-1194,2026-09-22,STN_C-STN_D,DN_MAIN,2026-09-22 18:59,2026-09-22 19:14,PASSENGER
PSG-1195,2026-09-22,STN_C-STN_D,DN_MAIN,2026-09-22 18:50,2026-09-22 19:02,PASSENGER
PSG-1196,2026-09-22,STN_C-STN_D,DN_MAIN,2026-09-22 09:25,2026-09-22 09:40,PASSENGER
PSG-1197,2026-09-23,STN_A-STN_B,UP_MAIN,2026-09-23 00:25,2026-09-23 00:40,PASSENGER
PSG-1198,2026-09-23,STN_A-STN_B,UP_MAIN,2026-09-23 03:50,2026-09-23 04:05,PASSENGER
PSG-1199,2026-09-23,STN_A-STN_B,UP_MAIN,2026-09-23 05:06,2026-09-23 05:16,PASSENGER
PSG-1200,2026-09-23,STN_A-STN_B,UP_MAIN,2026-09-23 19:20,2026-09-23 19:28,PASSENGER
PSG-1201,2026-09-23,STN_A-STN_B,UP_MAIN,2026-09-23 03:36,2026-09-23 03:44,PASSENGER
PSG-1202,2026-09-23,STN_A-STN_B,UP_MAIN,2026-09-23 09:45,2026-09-23 09:57,PASSENGER
PSG-1203,2026-09-23,STN_A-STN_B,UP_MAIN,2026-09-23 14:01,2026-09-23 14:13,PASSENGER
PSG-1204,2026-09-23,STN_A-STN_B,UP_MAIN,2026-09-23 13:04,2026-09-23 13:19,PASSENGER
PSG-1205,2026-09-23,STN_A-STN_B,UP_MAIN,2026-09-23 19:31,2026-09-23 19:46,PASSENGER
PSG-1206,2026-09-23,STN_A-STN_B,UP_MAIN,2026-09-23 01:16,2026-09-23 01:26,PASSENGER
PSG-1207,2026-09-23,STN_A-STN_B,UP_MAIN,2026-09-23 09:24,2026-09-23 09:39,PASSENGER
PSG-1208,2026-09-23,STN_A-STN_B,UP_MAIN,2026-09-23 04:54,2026-09-23 05:09,PASSENGER
PSG-1209,2026-09-23,STN_A-STN_B,DN_MAIN,2026-09-23 13:30,2026-09-23 13:42,PASSENGER
PSG-1210,2026-09-23,STN_A-STN_B,DN_MAIN,2026-09-23 23:34,2026-09-23 23:44,PASSENGER
PSG-1211,2026-09-23,STN_A-STN_B,DN_MAIN,2026-09-23 01:40,2026-09-23 01:55,PASSENGER
PSG-1212,2026-09-23,STN_A-STN_B,DN_MAIN,2026-09-23 09:10,2026-09-23 09:22,PASSENGER
PSG-1213,2026-09-23,STN_A-STN_B,DN_MAIN,2026-09-23 00:41,2026-09-23 00:53,PASSENGER
PSG-1214,2026-09-23,STN_A-STN_B,DN_MAIN,2026-09-23 10:20,2026-09-23 10:32,PASSENGER
PSG-1215,2026-09-23,STN_B-STN_C,UP_MAIN,2026-09-23 16:46,2026-09-23 16:54,PASSENGER
PSG-1216,2026-09-23,STN_B-STN_C,UP_MAIN,2026-09-23 07:46,2026-09-23 07:56,PASSENGER
PSG-1217,2026-09-23,STN_B-STN_C,UP_MAIN,2026-09-23 10:15,2026-09-23 10:30,PASSENGER
PSG-1218,2026-09-23,STN_B-STN_C,UP_MAIN,2026-09-23 10:57,2026-09-23 11:09,PASSENGER
PSG-1219,2026-09-23,STN_B-STN_C,UP_MAIN,2026-09-23 14:13,2026-09-23 14:21,PASSENGER
PSG-1220,2026-09-23,STN_B-STN_C,UP_MAIN,2026-09-23 06:24,2026-09-23 06:39,PASSENGER
PSG-1221,2026-09-23,STN_B-STN_C,UP_MAIN,2026-09-23 07:12,2026-09-23 07:27,PASSENGER
PSG-1222,2026-09-23,STN_B-STN_C,UP_MAIN,2026-09-23 16:32,2026-09-23 16:44,PASSENGER
PSG-1223,2026-09-23,STN_B-STN_C,DN_MAIN,2026-09-23 01:55,2026-09-23 02:05,PASSENGER
PSG-1224,2026-09-23,STN_B-STN_C,DN_MAIN,2026-09-23 02:14,2026-09-23 02:26,PASSENGER
PSG-1225,2026-09-23,STN_B-STN_C,DN_MAIN,2026-09-23 17:17,2026-09-23 17:32,PASSENGER
PSG-1226,2026-09-23,STN_B-STN_C,DN_MAIN,2026-09-23 04:37,2026-09-23 04:45,PASSENGER
PSG-1227,2026-09-23,STN_B-STN_C,DN_MAIN,2026-09-23 05:55,2026-09-23 06:05,PASSENGER
PSG-1228,2026-09-23,STN_B-STN_C,DN_MAIN,2026-09-23 06:51,2026-09-23 06:59,PASSENGER
PSG-1229,2026-09-23,STN_B-STN_C,DN_MAIN,2026-09-23 08:30,2026-09-23 08:38,PASSENGER
PSG-1230,2026-09-23,STN_B-STN_C,DN_MAIN,2026-09-23 15:34,2026-09-23 15:42,PASSENGER
PSG-1231,2026-09-23,STN_B-STN_C,DN_MAIN,2026-09-23 12:18,2026-09-23 12:28,PASSENGER
PSG-1232,2026-09-23,STN_B-STN_C,DN_MAIN,2026-09-23 09:21,2026-09-23 09:33,PASSENGER
PSG-1233,2026-09-23,STN_B-STN_C,DN_MAIN,2026-09-23 15:50,2026-09-23 16:05,PASSENGER
PSG-1234,2026-09-23,STN_B-STN_C,DN_MAIN,2026-09-23 21:41,2026-09-23 21:49,PASSENGER
PSG-1235,2026-09-23,STN_C-STN_D,UP_MAIN,2026-09-23 01:02,2026-09-23 01:12,PASSENGER
PSG-1236,2026-09-23,STN_C-STN_D,UP_MAIN,2026-09-23 12:42,2026-09-23 12:57,PASSENGER
PSG-1237,2026-09-23,STN_C-STN_D,UP_MAIN,2026-09-23 20:16,2026-09-23 20:31,PASSENGER
PSG-1238,2026-09-23,STN_C-STN_D,UP_MAIN,2026-09-23 06:03,2026-09-23 06:18,PASSENGER
PSG-1239,2026-09-23,STN_C-STN_D,UP_MAIN,2026-09-23 20:01,2026-09-23 20:13,PASSENGER
PSG-1240,2026-09-23,STN_C-STN_D,UP_MAIN,2026-09-23 11:45,2026-09-23 11:55,PASSENGER
PSG-1241,2026-09-23,STN_C-STN_D,UP_MAIN,2026-09-23 08:49,2026-09-23 08:57,PASSENGER
PSG-1242,2026-09-23,STN_C-STN_D,UP_MAIN,2026-09-23 09:43,2026-09-23 09:51,PASSENGER
PSG-1243,2026-09-23,STN_C-STN_D,UP_MAIN,2026-09-23 13:11,2026-09-23 13:19,PASSENGER
PSG-1244,2026-09-23,STN_C-STN_D,UP_MAIN,2026-09-23 05:33,2026-09-23 05:43,PASSENGER
PSG-1245,2026-09-23,STN_C-STN_D,UP_MAIN,2026-09-23 07:33,2026-09-23 07:43,PASSENGER
PSG-1246,2026-09-23,STN_C-STN_D,DN_MAIN,2026-09-23 07:03,2026-09-23 07:15,PASSENGER
PSG-1247,2026-09-23,STN_C-STN_D,DN_MAIN,2026-09-23 22:14,2026-09-23 22:29,PASSENGER
PSG-1248,2026-09-23,STN_C-STN_D,DN_MAIN,2026-09-23 17:31,2026-09-23 17:39,PASSENGER
PSG-1249,2026-09-23,STN_C-STN_D,DN_MAIN,2026-09-23 23:17,2026-09-23 23:25,PASSENGER
PSG-1250,2026-09-23,STN_C-STN_D,DN_MAIN,2026-09-23 16:10,2026-09-23 16:20,PASSENGER
PSG-1251,2026-09-23,STN_C-STN_D,DN_MAIN,2026-09-23 22:05,2026-09-23 22:15,PASSENGER
PSG-1252,2026-09-23,STN_C-STN_D,DN_MAIN,2026-09-23 20:31,2026-09-23 20:39,PASSENGER
PSG-1253,2026-09-23,STN_C-STN_D,DN_MAIN,2026-09-23 07:38,2026-09-23 07:50,PASSENGER
PSG-1254,2026-09-23,STN_C-STN_D,DN_MAIN,2026-09-23 20:45,2026-09-23 20:57,PASSENGER
PSG-1255,2026-09-23,STN_C-STN_D,DN_MAIN,2026-09-23 21:56,2026-09-23 22:08,PASSENGER
PSG-1256,2026-09-23,STN_C-STN_D,DN_MAIN,2026-09-23 14:27,2026-09-23 14:42,PASSENGER
PSG-1257,2026-09-24,STN_A-STN_B,UP_MAIN,2026-09-24 11:54,2026-09-24 12:09,PASSENGER
PSG-1258,2026-09-24,STN_A-STN_B,UP_MAIN,2026-09-24 08:36,2026-09-24 08:46,PASSENGER
PSG-1259,2026-09-24,STN_A-STN_B,UP_MAIN,2026-09-24 15:55,2026-09-24 16:07,PASSENGER
PSG-1260,2026-09-24,STN_A-STN_B,UP_MAIN,2026-09-24 23:06,2026-09-24 23:21,PASSENGER
PSG-1261,2026-09-24,STN_A-STN_B,UP_MAIN,2026-09-24 19:57,2026-09-24 20:05,PASSENGER
PSG-1262,2026-09-24,STN_A-STN_B,UP_MAIN,2026-09-24 00:15,2026-09-24 00:27,PASSENGER
PSG-1263,2026-09-24,STN_A-STN_B,UP_MAIN,2026-09-24 19:09,2026-09-24 19:21,PASSENGER
PSG-1264,2026-09-24,STN_A-STN_B,UP_MAIN,2026-09-24 10:11,2026-09-24 10:19,PASSENGER
PSG-1265,2026-09-24,STN_A-STN_B,UP_MAIN,2026-09-24 16:26,2026-09-24 16:34,PASSENGER
PSG-1266,2026-09-24,STN_A-STN_B,UP_MAIN,2026-09-24 11:28,2026-09-24 11:40,PASSENGER
PSG-1267,2026-09-24,STN_A-STN_B,UP_MAIN,2026-09-24 21:51,2026-09-24 22:03,PASSENGER
PSG-1268,2026-09-24,STN_A-STN_B,UP_MAIN,2026-09-24 09:27,2026-09-24 09:39,PASSENGER
PSG-1269,2026-09-24,STN_A-STN_B,DN_MAIN,2026-09-24 22:14,2026-09-24 22:26,PASSENGER
PSG-1270,2026-09-24,STN_A-STN_B,DN_MAIN,2026-09-24 06:25,2026-09-24 06:35,PASSENGER
PSG-1271,2026-09-24,STN_A-STN_B,DN_MAIN,2026-09-24 17:39,2026-09-24 17:49,PASSENGER
PSG-1272,2026-09-24,STN_A-STN_B,DN_MAIN,2026-09-24 01:56,2026-09-24 02:11,PASSENGER
PSG-1273,2026-09-24,STN_A-STN_B,DN_MAIN,2026-09-24 22:32,2026-09-24 22:44,PASSENGER
PSG-1274,2026-09-24,STN_A-STN_B,DN_MAIN,2026-09-24 23:14,2026-09-24 23:24,PASSENGER
PSG-1275,2026-09-24,STN_A-STN_B,DN_MAIN,2026-09-24 00:52,2026-09-24 01:07,PASSENGER
PSG-1276,2026-09-24,STN_A-STN_B,DN_MAIN,2026-09-24 10:05,2026-09-24 10:17,PASSENGER
PSG-1277,2026-09-24,STN_A-STN_B,DN_MAIN,2026-09-24 14:17,2026-09-24 14:32,PASSENGER
PSG-1278,2026-09-24,STN_A-STN_B,DN_MAIN,2026-09-24 13:15,2026-09-24 13:23,PASSENGER
PSG-1279,2026-09-24,STN_A-STN_B,DN_MAIN,2026-09-24 19:54,2026-09-24 20:04,PASSENGER
PSG-1280,2026-09-24,STN_B-STN_C,UP_MAIN,2026-09-24 07:35,2026-09-24 07:50,PASSENGER
PSG-1281,2026-09-24,STN_B-STN_C,UP_MAIN,2026-09-24 22:55,2026-09-24 23:07,PASSENGER
PSG-1282,2026-09-24,STN_B-STN_C,UP_MAIN,2026-09-24 17:18,2026-09-24 17:30,PASSENGER
PSG-1283,2026-09-24,STN_B-STN_C,UP_MAIN,2026-09-24 05:48,2026-09-24 05:58,PASSENGER
PSG-1284,2026-09-24,STN_B-STN_C,UP_MAIN,2026-09-24 10:01,2026-09-24 10:09,PASSENGER
PSG-1285,2026-09-24,STN_B-STN_C,UP_MAIN,2026-09-24 16:04,2026-09-24 16:14,PASSENGER
PSG-1286,2026-09-24,STN_B-STN_C,UP_MAIN,2026-09-24 08:49,2026-09-24 08:59,PASSENGER
PSG-1287,2026-09-24,STN_B-STN_C,UP_MAIN,2026-09-24 23:12,2026-09-24 23:24,PASSENGER
PSG-1288,2026-09-24,STN_B-STN_C,DN_MAIN,2026-09-24 03:02,2026-09-24 03:12,PASSENGER
PSG-1289,2026-09-24,STN_B-STN_C,DN_MAIN,2026-09-24 12:07,2026-09-24 12:17,PASSENGER
PSG-1290,2026-09-24,STN_B-STN_C,DN_MAIN,2026-09-24 10:28,2026-09-24 10:43,PASSENGER
PSG-1291,2026-09-24,STN_B-STN_C,DN_MAIN,2026-09-24 11:18,2026-09-24 11:30,PASSENGER
PSG-1292,2026-09-24,STN_B-STN_C,DN_MAIN,2026-09-24 08:53,2026-09-24 09:05,PASSENGER
PSG-1293,2026-09-24,STN_B-STN_C,DN_MAIN,2026-09-24 15:49,2026-09-24 15:57,PASSENGER
PSG-1294,2026-09-24,STN_B-STN_C,DN_MAIN,2026-09-24 16:03,2026-09-24 16:11,PASSENGER
PSG-1295,2026-09-24,STN_B-STN_C,DN_MAIN,2026-09-24 21:39,2026-09-24 21:47,PASSENGER
PSG-1296,2026-09-24,STN_B-STN_C,DN_MAIN,2026-09-24 16:07,2026-09-24 16:17,PASSENGER
PSG-1297,2026-09-24,STN_B-STN_C,DN_MAIN,2026-09-24 17:04,2026-09-24 17:12,PASSENGER
PSG-1298,2026-09-24,STN_B-STN_C,DN_MAIN,2026-09-24 23:14,2026-09-24 23:29,PASSENGER
PSG-1299,2026-09-24,STN_C-STN_D,UP_MAIN,2026-09-24 10:11,2026-09-24 10:26,PASSENGER
PSG-1300,2026-09-24,STN_C-STN_D,UP_MAIN,2026-09-24 01:50,2026-09-24 02:00,PASSENGER
PSG-1301,2026-09-24,STN_C-STN_D,UP_MAIN,2026-09-24 04:41,2026-09-24 04:51,PASSENGER
PSG-1302,2026-09-24,STN_C-STN_D,UP_MAIN,2026-09-24 11:41,2026-09-24 11:56,PASSENGER
PSG-1303,2026-09-24,STN_C-STN_D,UP_MAIN,2026-09-24 19:26,2026-09-24 19:41,PASSENGER
PSG-1304,2026-09-24,STN_C-STN_D,UP_MAIN,2026-09-24 04:53,2026-09-24 05:05,PASSENGER
PSG-1305,2026-09-24,STN_C-STN_D,UP_MAIN,2026-09-24 06:09,2026-09-24 06:17,PASSENGER
PSG-1306,2026-09-24,STN_C-STN_D,UP_MAIN,2026-09-24 16:38,2026-09-24 16:50,PASSENGER
PSG-1307,2026-09-24,STN_C-STN_D,UP_MAIN,2026-09-24 21:32,2026-09-24 21:42,PASSENGER
PSG-1308,2026-09-24,STN_C-STN_D,UP_MAIN,2026-09-24 10:41,2026-09-24 10:49,PASSENGER
PSG-1309,2026-09-24,STN_C-STN_D,DN_MAIN,2026-09-24 15:25,2026-09-24 15:37,PASSENGER
PSG-1310,2026-09-24,STN_C-STN_D,DN_MAIN,2026-09-24 07:08,2026-09-24 07:18,PASSENGER
PSG-1311,2026-09-24,STN_C-STN_D,DN_MAIN,2026-09-24 19:40,2026-09-24 19:50,PASSENGER
PSG-1312,2026-09-24,STN_C-STN_D,DN_MAIN,2026-09-24 16:42,2026-09-24 16:50,PASSENGER
PSG-1313,2026-09-24,STN_C-STN_D,DN_MAIN,2026-09-24 04:25,2026-09-24 04:40,PASSENGER
PSG-1314,2026-09-24,STN_C-STN_D,DN_MAIN,2026-09-24 21:37,2026-09-24 21:52,PASSENGER
PSG-1315,2026-09-25,STN_A-STN_B,UP_MAIN,2026-09-25 14:38,2026-09-25 14:53,PASSENGER
PSG-1316,2026-09-25,STN_A-STN_B,UP_MAIN,2026-09-25 13:05,2026-09-25 13:13,PASSENGER
PSG-1317,2026-09-25,STN_A-STN_B,UP_MAIN,2026-09-25 01:17,2026-09-25 01:27,PASSENGER
PSG-1318,2026-09-25,STN_A-STN_B,UP_MAIN,2026-09-25 12:44,2026-09-25 12:52,PASSENGER
PSG-1319,2026-09-25,STN_A-STN_B,UP_MAIN,2026-09-25 10:59,2026-09-25 11:09,PASSENGER
PSG-1320,2026-09-25,STN_A-STN_B,UP_MAIN,2026-09-25 00:36,2026-09-25 00:44,PASSENGER
PSG-1321,2026-09-25,STN_A-STN_B,UP_MAIN,2026-09-25 21:23,2026-09-25 21:33,PASSENGER
PSG-1322,2026-09-25,STN_A-STN_B,UP_MAIN,2026-09-25 07:43,2026-09-25 07:55,PASSENGER
PSG-1323,2026-09-25,STN_A-STN_B,UP_MAIN,2026-09-25 10:39,2026-09-25 10:49,PASSENGER
PSG-1324,2026-09-25,STN_A-STN_B,DN_MAIN,2026-09-25 13:05,2026-09-25 13:17,PASSENGER
PSG-1325,2026-09-25,STN_A-STN_B,DN_MAIN,2026-09-25 05:42,2026-09-25 05:50,PASSENGER
PSG-1326,2026-09-25,STN_A-STN_B,DN_MAIN,2026-09-25 01:33,2026-09-25 01:45,PASSENGER
PSG-1327,2026-09-25,STN_A-STN_B,DN_MAIN,2026-09-25 09:55,2026-09-25 10:10,PASSENGER
PSG-1328,2026-09-25,STN_A-STN_B,DN_MAIN,2026-09-25 17:45,2026-09-25 17:57,PASSENGER
PSG-1329,2026-09-25,STN_A-STN_B,DN_MAIN,2026-09-25 14:48,2026-09-25 14:58,PASSENGER
PSG-1330,2026-09-25,STN_B-STN_C,UP_MAIN,2026-09-25 16:43,2026-09-25 16:55,PASSENGER
PSG-1331,2026-09-25,STN_B-STN_C,UP_MAIN,2026-09-25 06:25,2026-09-25 06:35,PASSENGER
PSG-1332,2026-09-25,STN_B-STN_C,UP_MAIN,2026-09-25 13:46,2026-09-25 13:54,PASSENGER
PSG-1333,2026-09-25,STN_B-STN_C,UP_MAIN,2026-09-25 07:47,2026-09-25 07:57,PASSENGER
PSG-1334,2026-09-25,STN_B-STN_C,UP_MAIN,2026-09-25 04:28,2026-09-25 04:38,PASSENGER
PSG-1335,2026-09-25,STN_B-STN_C,UP_MAIN,2026-09-25 00:44,2026-09-25 00:54,PASSENGER
PSG-1336,2026-09-25,STN_B-STN_C,UP_MAIN,2026-09-25 04:12,2026-09-25 04:24,PASSENGER
PSG-1337,2026-09-25,STN_B-STN_C,UP_MAIN,2026-09-25 22:12,2026-09-25 22:20,PASSENGER
PSG-1338,2026-09-25,STN_B-STN_C,DN_MAIN,2026-09-25 21:51,2026-09-25 22:03,PASSENGER
PSG-1339,2026-09-25,STN_B-STN_C,DN_MAIN,2026-09-25 18:15,2026-09-25 18:23,PASSENGER
PSG-1340,2026-09-25,STN_B-STN_C,DN_MAIN,2026-09-25 20:16,2026-09-25 20:24,PASSENGER
PSG-1341,2026-09-25,STN_B-STN_C,DN_MAIN,2026-09-25 22:35,2026-09-25 22:43,PASSENGER
PSG-1342,2026-09-25,STN_B-STN_C,DN_MAIN,2026-09-25 22:18,2026-09-25 22:26,PASSENGER
PSG-1343,2026-09-25,STN_B-STN_C,DN_MAIN,2026-09-25 01:38,2026-09-25 01:46,PASSENGER
PSG-1344,2026-09-25,STN_B-STN_C,DN_MAIN,2026-09-25 14:13,2026-09-25 14:28,PASSENGER
PSG-1345,2026-09-25,STN_B-STN_C,DN_MAIN,2026-09-25 12:58,2026-09-25 13:06,PASSENGER
PSG-1346,2026-09-25,STN_B-STN_C,DN_MAIN,2026-09-25 18:40,2026-09-25 18:52,PASSENGER
PSG-1347,2026-09-25,STN_C-STN_D,UP_MAIN,2026-09-25 23:57,2026-09-26 00:07,PASSENGER
PSG-1348,2026-09-25,STN_C-STN_D,UP_MAIN,2026-09-25 07:00,2026-09-25 07:08,PASSENGER
PSG-1349,2026-09-25,STN_C-STN_D,UP_MAIN,2026-09-25 10:16,2026-09-25 10:31,PASSENGER
PSG-1350,2026-09-25,STN_C-STN_D,UP_MAIN,2026-09-25 22:35,2026-09-25 22:43,PASSENGER
PSG-1351,2026-09-25,STN_C-STN_D,UP_MAIN,2026-09-25 22:36,2026-09-25 22:48,PASSENGER
PSG-1352,2026-09-25,STN_C-STN_D,UP_MAIN,2026-09-25 21:15,2026-09-25 21:25,PASSENGER
PSG-1353,2026-09-25,STN_C-STN_D,UP_MAIN,2026-09-25 14:17,2026-09-25 14:25,PASSENGER
PSG-1354,2026-09-25,STN_C-STN_D,UP_MAIN,2026-09-25 17:27,2026-09-25 17:35,PASSENGER
PSG-1355,2026-09-25,STN_C-STN_D,UP_MAIN,2026-09-25 09:38,2026-09-25 09:46,PASSENGER
PSG-1356,2026-09-25,STN_C-STN_D,DN_MAIN,2026-09-25 03:37,2026-09-25 03:52,PASSENGER
PSG-1357,2026-09-25,STN_C-STN_D,DN_MAIN,2026-09-25 06:46,2026-09-25 06:56,PASSENGER
PSG-1358,2026-09-25,STN_C-STN_D,DN_MAIN,2026-09-25 08:58,2026-09-25 09:08,PASSENGER
PSG-1359,2026-09-25,STN_C-STN_D,DN_MAIN,2026-09-25 12:13,2026-09-25 12:28,PASSENGER
PSG-1360,2026-09-25,STN_C-STN_D,DN_MAIN,2026-09-25 10:04,2026-09-25 10:14,PASSENGER
PSG-1361,2026-09-25,STN_C-STN_D,DN_MAIN,2026-09-25 01:20,2026-09-25 01:35,PASSENGER
PSG-1362,2026-09-25,STN_C-STN_D,DN_MAIN,2026-09-25 07:05,2026-09-25 07:20,PASSENGER
PSG-1363,2026-09-25,STN_C-STN_D,DN_MAIN,2026-09-25 11:17,2026-09-25 11:27,PASSENGER
PSG-1364,2026-09-25,STN_C-STN_D,DN_MAIN,2026-09-25 00:05,2026-09-25 00:13,PASSENGER
PSG-1365,2026-09-25,STN_C-STN_D,DN_MAIN,2026-09-25 22:55,2026-09-25 23:03,PASSENGER
PSG-1366,2026-09-25,STN_C-STN_D,DN_MAIN,2026-09-25 03:46,2026-09-25 04:01,PASSENGER
PSG-1367,2026-09-25,STN_C-STN_D,DN_MAIN,2026-09-25 05:05,2026-09-25 05:13,PASSENGER
PSG-1368,2026-09-26,STN_A-STN_B,UP_MAIN,2026-09-26 17:27,2026-09-26 17:35,PASSENGER
PSG-1369,2026-09-26,STN_A-STN_B,UP_MAIN,2026-09-26 03:27,2026-09-26 03:39,PASSENGER
PSG-1370,2026-09-26,STN_A-STN_B,UP_MAIN,2026-09-26 21:59,2026-09-26 22:09,PASSENGER
PSG-1371,2026-09-26,STN_A-STN_B,UP_MAIN,2026-09-26 15:35,2026-09-26 15:47,PASSENGER
PSG-1372,2026-09-26,STN_A-STN_B,UP_MAIN,2026-09-26 09:00,2026-09-26 09:15,PASSENGER
PSG-1373,2026-09-26,STN_A-STN_B,UP_MAIN,2026-09-26 01:42,2026-09-26 01:50,PASSENGER
PSG-1374,2026-09-26,STN_A-STN_B,UP_MAIN,2026-09-26 05:57,2026-09-26 06:05,PASSENGER
PSG-1375,2026-09-26,STN_A-STN_B,UP_MAIN,2026-09-26 09:55,2026-09-26 10:07,PASSENGER
PSG-1376,2026-09-26,STN_A-STN_B,UP_MAIN,2026-09-26 23:06,2026-09-26 23:18,PASSENGER
PSG-1377,2026-09-26,STN_A-STN_B,UP_MAIN,2026-09-26 14:32,2026-09-26 14:40,PASSENGER
PSG-1378,2026-09-26,STN_A-STN_B,UP_MAIN,2026-09-26 03:14,2026-09-26 03:22,PASSENGER
PSG-1379,2026-09-26,STN_A-STN_B,UP_MAIN,2026-09-26 00:19,2026-09-26 00:29,PASSENGER
PSG-1380,2026-09-26,STN_A-STN_B,DN_MAIN,2026-09-26 22:05,2026-09-26 22:15,PASSENGER
PSG-1381,2026-09-26,STN_A-STN_B,DN_MAIN,2026-09-26 11:13,2026-09-26 11:25,PASSENGER
PSG-1382,2026-09-26,STN_A-STN_B,DN_MAIN,2026-09-26 14:56,2026-09-26 15:08,PASSENGER
PSG-1383,2026-09-26,STN_A-STN_B,DN_MAIN,2026-09-26 03:10,2026-09-26 03:22,PASSENGER
PSG-1384,2026-09-26,STN_A-STN_B,DN_MAIN,2026-09-26 11:41,2026-09-26 11:51,PASSENGER
PSG-1385,2026-09-26,STN_A-STN_B,DN_MAIN,2026-09-26 03:53,2026-09-26 04:08,PASSENGER
PSG-1386,2026-09-26,STN_A-STN_B,DN_MAIN,2026-09-26 13:39,2026-09-26 13:54,PASSENGER
PSG-1387,2026-09-26,STN_A-STN_B,DN_MAIN,2026-09-26 09:16,2026-09-26 09:31,PASSENGER
PSG-1388,2026-09-26,STN_A-STN_B,DN_MAIN,2026-09-26 23:32,2026-09-26 23:47,PASSENGER
PSG-1389,2026-09-26,STN_A-STN_B,DN_MAIN,2026-09-26 14:23,2026-09-26 14:33,PASSENGER
PSG-1390,2026-09-26,STN_A-STN_B,DN_MAIN,2026-09-26 03:51,2026-09-26 04:01,PASSENGER
PSG-1391,2026-09-26,STN_B-STN_C,UP_MAIN,2026-09-26 02:00,2026-09-26 02:10,PASSENGER
PSG-1392,2026-09-26,STN_B-STN_C,UP_MAIN,2026-09-26 03:32,2026-09-26 03:47,PASSENGER
PSG-1393,2026-09-26,STN_B-STN_C,UP_MAIN,2026-09-26 20:09,2026-09-26 20:24,PASSENGER
PSG-1394,2026-09-26,STN_B-STN_C,UP_MAIN,2026-09-26 19:25,2026-09-26 19:40,PASSENGER
PSG-1395,2026-09-26,STN_B-STN_C,UP_MAIN,2026-09-26 06:11,2026-09-26 06:26,PASSENGER
PSG-1396,2026-09-26,STN_B-STN_C,UP_MAIN,2026-09-26 12:14,2026-09-26 12:22,PASSENGER
PSG-1397,2026-09-26,STN_B-STN_C,UP_MAIN,2026-09-26 23:21,2026-09-26 23:31,PASSENGER
PSG-1398,2026-09-26,STN_B-STN_C,UP_MAIN,2026-09-26 16:29,2026-09-26 16:44,PASSENGER
PSG-1399,2026-09-26,STN_B-STN_C,UP_MAIN,2026-09-26 03:51,2026-09-26 04:06,PASSENGER
PSG-1400,2026-09-26,STN_B-STN_C,UP_MAIN,2026-09-26 15:02,2026-09-26 15:10,PASSENGER
PSG-1401,2026-09-26,STN_B-STN_C,UP_MAIN,2026-09-26 02:09,2026-09-26 02:21,PASSENGER
PSG-1402,2026-09-26,STN_B-STN_C,DN_MAIN,2026-09-26 10:43,2026-09-26 10:51,PASSENGER
PSG-1403,2026-09-26,STN_B-STN_C,DN_MAIN,2026-09-26 23:08,2026-09-26 23:18,PASSENGER
PSG-1404,2026-09-26,STN_B-STN_C,DN_MAIN,2026-09-26 22:51,2026-09-26 23:03,PASSENGER
PSG-1405,2026-09-26,STN_B-STN_C,DN_MAIN,2026-09-26 17:43,2026-09-26 17:51,PASSENGER
PSG-1406,2026-09-26,STN_B-STN_C,DN_MAIN,2026-09-26 14:46,2026-09-26 14:56,PASSENGER
PSG-1407,2026-09-26,STN_B-STN_C,DN_MAIN,2026-09-26 16:26,2026-09-26 16:38,PASSENGER
PSG-1408,2026-09-26,STN_B-STN_C,DN_MAIN,2026-09-26 22:39,2026-09-26 22:54,PASSENGER
PSG-1409,2026-09-26,STN_B-STN_C,DN_MAIN,2026-09-26 05:04,2026-09-26 05:12,PASSENGER
PSG-1410,2026-09-26,STN_B-STN_C,DN_MAIN,2026-09-26 00:23,2026-09-26 00:33,PASSENGER
PSG-1411,2026-09-26,STN_B-STN_C,DN_MAIN,2026-09-26 17:15,2026-09-26 17:30,PASSENGER
PSG-1412,2026-09-26,STN_B-STN_C,DN_MAIN,2026-09-26 16:55,2026-09-26 17:05,PASSENGER
PSG-1413,2026-09-26,STN_C-STN_D,UP_MAIN,2026-09-26 16:46,2026-09-26 16:58,PASSENGER
PSG-1414,2026-09-26,STN_C-STN_D,UP_MAIN,2026-09-26 08:13,2026-09-26 08:25,PASSENGER
PSG-1415,2026-09-26,STN_C-STN_D,UP_MAIN,2026-09-26 09:29,2026-09-26 09:37,PASSENGER
PSG-1416,2026-09-26,STN_C-STN_D,UP_MAIN,2026-09-26 17:18,2026-09-26 17:28,PASSENGER
PSG-1417,2026-09-26,STN_C-STN_D,UP_MAIN,2026-09-26 18:47,2026-09-26 19:02,PASSENGER
PSG-1418,2026-09-26,STN_C-STN_D,UP_MAIN,2026-09-26 13:45,2026-09-26 13:55,PASSENGER
PSG-1419,2026-09-26,STN_C-STN_D,DN_MAIN,2026-09-26 15:40,2026-09-26 15:55,PASSENGER
PSG-1420,2026-09-26,STN_C-STN_D,DN_MAIN,2026-09-26 19:33,2026-09-26 19:48,PASSENGER
PSG-1421,2026-09-26,STN_C-STN_D,DN_MAIN,2026-09-26 03:00,2026-09-26 03:15,PASSENGER
PSG-1422,2026-09-26,STN_C-STN_D,DN_MAIN,2026-09-26 15:15,2026-09-26 15:27,PASSENGER
PSG-1423,2026-09-26,STN_C-STN_D,DN_MAIN,2026-09-26 04:03,2026-09-26 04:18,PASSENGER
PSG-1424,2026-09-26,STN_C-STN_D,DN_MAIN,2026-09-26 22:18,2026-09-26 22:26,PASSENGER
PSG-1425,2026-09-27,STN_A-STN_B,UP_MAIN,2026-09-27 13:46,2026-09-27 14:01,PASSENGER
PSG-1426,2026-09-27,STN_A-STN_B,UP_MAIN,2026-09-27 01:13,2026-09-27 01:21,PASSENGER
PSG-1427,2026-09-27,STN_A-STN_B,UP_MAIN,2026-09-27 03:06,2026-09-27 03:18,PASSENGER
PSG-1428,2026-09-27,STN_A-STN_B,UP_MAIN,2026-09-27 17:21,2026-09-27 17:31,PASSENGER
PSG-1429,2026-09-27,STN_A-STN_B,UP_MAIN,2026-09-27 22:20,2026-09-27 22:35,PASSENGER
PSG-1430,2026-09-27,STN_A-STN_B,UP_MAIN,2026-09-27 11:38,2026-09-27 11:50,PASSENGER
PSG-1431,2026-09-27,STN_A-STN_B,DN_MAIN,2026-09-27 01:51,2026-09-27 02:01,PASSENGER
PSG-1432,2026-09-27,STN_A-STN_B,DN_MAIN,2026-09-27 15:30,2026-09-27 15:42,PASSENGER
PSG-1433,2026-09-27,STN_A-STN_B,DN_MAIN,2026-09-27 19:07,2026-09-27 19:22,PASSENGER
PSG-1434,2026-09-27,STN_A-STN_B,DN_MAIN,2026-09-27 22:25,2026-09-27 22:37,PASSENGER
PSG-1435,2026-09-27,STN_A-STN_B,DN_MAIN,2026-09-27 15:26,2026-09-27 15:34,PASSENGER
PSG-1436,2026-09-27,STN_A-STN_B,DN_MAIN,2026-09-27 03:19,2026-09-27 03:29,PASSENGER
PSG-1437,2026-09-27,STN_A-STN_B,DN_MAIN,2026-09-27 00:04,2026-09-27 00:16,PASSENGER
PSG-1438,2026-09-27,STN_A-STN_B,DN_MAIN,2026-09-27 12:07,2026-09-27 12:19,PASSENGER
PSG-1439,2026-09-27,STN_A-STN_B,DN_MAIN,2026-09-27 18:41,2026-09-27 18:53,PASSENGER
PSG-1440,2026-09-27,STN_A-STN_B,DN_MAIN,2026-09-27 23:57,2026-09-28 00:05,PASSENGER
PSG-1441,2026-09-27,STN_A-STN_B,DN_MAIN,2026-09-27 01:33,2026-09-27 01:43,PASSENGER
PSG-1442,2026-09-27,STN_A-STN_B,DN_MAIN,2026-09-27 16:48,2026-09-27 16:58,PASSENGER
PSG-1443,2026-09-27,STN_B-STN_C,UP_MAIN,2026-09-27 13:58,2026-09-27 14:06,PASSENGER
PSG-1444,2026-09-27,STN_B-STN_C,UP_MAIN,2026-09-27 08:40,2026-09-27 08:50,PASSENGER
PSG-1445,2026-09-27,STN_B-STN_C,UP_MAIN,2026-09-27 06:24,2026-09-27 06:32,PASSENGER
PSG-1446,2026-09-27,STN_B-STN_C,UP_MAIN,2026-09-27 13:24,2026-09-27 13:34,PASSENGER
PSG-1447,2026-09-27,STN_B-STN_C,UP_MAIN,2026-09-27 15:36,2026-09-27 15:46,PASSENGER
PSG-1448,2026-09-27,STN_B-STN_C,UP_MAIN,2026-09-27 11:32,2026-09-27 11:40,PASSENGER
PSG-1449,2026-09-27,STN_B-STN_C,UP_MAIN,2026-09-27 14:08,2026-09-27 14:16,PASSENGER
PSG-1450,2026-09-27,STN_B-STN_C,UP_MAIN,2026-09-27 21:36,2026-09-27 21:44,PASSENGER
PSG-1451,2026-09-27,STN_B-STN_C,UP_MAIN,2026-09-27 15:22,2026-09-27 15:37,PASSENGER
PSG-1452,2026-09-27,STN_B-STN_C,UP_MAIN,2026-09-27 22:28,2026-09-27 22:38,PASSENGER
PSG-1453,2026-09-27,STN_B-STN_C,UP_MAIN,2026-09-27 17:01,2026-09-27 17:09,PASSENGER
PSG-1454,2026-09-27,STN_B-STN_C,UP_MAIN,2026-09-27 18:06,2026-09-27 18:14,PASSENGER
PSG-1455,2026-09-27,STN_B-STN_C,DN_MAIN,2026-09-27 14:46,2026-09-27 15:01,PASSENGER
PSG-1456,2026-09-27,STN_B-STN_C,DN_MAIN,2026-09-27 17:21,2026-09-27 17:31,PASSENGER
PSG-1457,2026-09-27,STN_B-STN_C,DN_MAIN,2026-09-27 23:36,2026-09-27 23:46,PASSENGER
PSG-1458,2026-09-27,STN_B-STN_C,DN_MAIN,2026-09-27 04:22,2026-09-27 04:30,PASSENGER
PSG-1459,2026-09-27,STN_B-STN_C,DN_MAIN,2026-09-27 13:13,2026-09-27 13:25,PASSENGER
PSG-1460,2026-09-27,STN_B-STN_C,DN_MAIN,2026-09-27 17:12,2026-09-27 17:27,PASSENGER
PSG-1461,2026-09-27,STN_B-STN_C,DN_MAIN,2026-09-27 14:17,2026-09-27 14:27,PASSENGER
PSG-1462,2026-09-27,STN_B-STN_C,DN_MAIN,2026-09-27 09:20,2026-09-27 09:35,PASSENGER
PSG-1463,2026-09-27,STN_B-STN_C,DN_MAIN,2026-09-27 11:42,2026-09-27 11:54,PASSENGER
PSG-1464,2026-09-27,STN_B-STN_C,DN_MAIN,2026-09-27 15:27,2026-09-27 15:37,PASSENGER
PSG-1465,2026-09-27,STN_C-STN_D,UP_MAIN,2026-09-27 14:05,2026-09-27 14:17,PASSENGER
PSG-1466,2026-09-27,STN_C-STN_D,UP_MAIN,2026-09-27 23:56,2026-09-28 00:08,PASSENGER
PSG-1467,2026-09-27,STN_C-STN_D,UP_MAIN,2026-09-27 18:53,2026-09-27 19:03,PASSENGER
PSG-1468,2026-09-27,STN_C-STN_D,UP_MAIN,2026-09-27 06:51,2026-09-27 07:01,PASSENGER
PSG-1469,2026-09-27,STN_C-STN_D,UP_MAIN,2026-09-27 21:18,2026-09-27 21:30,PASSENGER
PSG-1470,2026-09-27,STN_C-STN_D,UP_MAIN,2026-09-27 23:26,2026-09-27 23:38,PASSENGER
PSG-1471,2026-09-27,STN_C-STN_D,UP_MAIN,2026-09-27 22:57,2026-09-27 23:07,PASSENGER
PSG-1472,2026-09-27,STN_C-STN_D,DN_MAIN,2026-09-27 22:11,2026-09-27 22:21,PASSENGER
PSG-1473,2026-09-27,STN_C-STN_D,DN_MAIN,2026-09-27 17:11,2026-09-27 17:23,PASSENGER
PSG-1474,2026-09-27,STN_C-STN_D,DN_MAIN,2026-09-27 03:56,2026-09-27 04:08,PASSENGER
PSG-1475,2026-09-27,STN_C-STN_D,DN_MAIN,2026-09-27 19:11,2026-09-27 19:26,PASSENGER
PSG-1476,2026-09-27,STN_C-STN_D,DN_MAIN,2026-09-27 19:53,2026-09-27 20:08,PASSENGER
PSG-1477,2026-09-27,STN_C-STN_D,DN_MAIN,2026-09-27 23:00,2026-09-27 23:12,PASSENGER
PSG-1478,2026-09-27,STN_C-STN_D,DN_MAIN,2026-09-27 14:25,2026-09-27 14:33,PASSENGER
PSG-1479,2026-09-27,STN_C-STN_D,DN_MAIN,2026-09-27 17:50,2026-09-27 17:58,PASSENGER
PSG-1480,2026-09-27,STN_C-STN_D,DN_MAIN,2026-09-27 00:51,2026-09-27 01:06,PASSENGER
PSG-1481,2026-09-27,STN_C-STN_D,DN_MAIN,2026-09-27 04:57,2026-09-27 05:05,PASSENGER
PSG-1482,2026-09-27,STN_C-STN_D,DN_MAIN,2026-09-27 22:52,2026-09-27 23:00,PASSENGER
PSG-1483,2026-09-28,STN_A-STN_B,UP_MAIN,2026-09-28 09:06,2026-09-28 09:16,PASSENGER
PSG-1484,2026-09-28,STN_A-STN_B,UP_MAIN,2026-09-28 09:46,2026-09-28 09:58,PASSENGER
PSG-1485,2026-09-28,STN_A-STN_B,UP_MAIN,2026-09-28 04:59,2026-09-28 05:07,PASSENGER
PSG-1486,2026-09-28,STN_A-STN_B,UP_MAIN,2026-09-28 23:34,2026-09-28 23:46,PASSENGER
PSG-1487,2026-09-28,STN_A-STN_B,UP_MAIN,2026-09-28 06:57,2026-09-28 07:05,PASSENGER
PSG-1488,2026-09-28,STN_A-STN_B,UP_MAIN,2026-09-28 12:14,2026-09-28 12:29,PASSENGER
PSG-1489,2026-09-28,STN_A-STN_B,UP_MAIN,2026-09-28 03:29,2026-09-28 03:39,PASSENGER
PSG-1490,2026-09-28,STN_A-STN_B,DN_MAIN,2026-09-28 22:05,2026-09-28 22:20,PASSENGER
PSG-1491,2026-09-28,STN_A-STN_B,DN_MAIN,2026-09-28 08:06,2026-09-28 08:18,PASSENGER
PSG-1492,2026-09-28,STN_A-STN_B,DN_MAIN,2026-09-28 23:39,2026-09-28 23:47,PASSENGER
PSG-1493,2026-09-28,STN_A-STN_B,DN_MAIN,2026-09-28 13:01,2026-09-28 13:16,PASSENGER
PSG-1494,2026-09-28,STN_A-STN_B,DN_MAIN,2026-09-28 14:13,2026-09-28 14:25,PASSENGER
PSG-1495,2026-09-28,STN_A-STN_B,DN_MAIN,2026-09-28 18:50,2026-09-28 18:58,PASSENGER
PSG-1496,2026-09-28,STN_A-STN_B,DN_MAIN,2026-09-28 00:26,2026-09-28 00:38,PASSENGER
PSG-1497,2026-09-28,STN_A-STN_B,DN_MAIN,2026-09-28 06:55,2026-09-28 07:10,PASSENGER
PSG-1498,2026-09-28,STN_A-STN_B,DN_MAIN,2026-09-28 07:41,2026-09-28 07:53,PASSENGER
PSG-1499,2026-09-28,STN_A-STN_B,DN_MAIN,2026-09-28 20:05,2026-09-28 20:15,PASSENGER
PSG-1500,2026-09-28,STN_A-STN_B,DN_MAIN,2026-09-28 06:36,2026-09-28 06:48,PASSENGER
PSG-1501,2026-09-28,STN_B-STN_C,UP_MAIN,2026-09-28 06:03,2026-09-28 06:11,PASSENGER
PSG-1502,2026-09-28,STN_B-STN_C,UP_MAIN,2026-09-28 06:22,2026-09-28 06:32,PASSENGER
PSG-1503,2026-09-28,STN_B-STN_C,UP_MAIN,2026-09-28 17:32,2026-09-28 17:40,PASSENGER
PSG-1504,2026-09-28,STN_B-STN_C,UP_MAIN,2026-09-28 12:52,2026-09-28 13:00,PASSENGER
PSG-1505,2026-09-28,STN_B-STN_C,UP_MAIN,2026-09-28 14:37,2026-09-28 14:49,PASSENGER
PSG-1506,2026-09-28,STN_B-STN_C,UP_MAIN,2026-09-28 18:59,2026-09-28 19:11,PASSENGER
PSG-1507,2026-09-28,STN_B-STN_C,UP_MAIN,2026-09-28 04:26,2026-09-28 04:36,PASSENGER
PSG-1508,2026-09-28,STN_B-STN_C,UP_MAIN,2026-09-28 19:56,2026-09-28 20:08,PASSENGER
PSG-1509,2026-09-28,STN_B-STN_C,UP_MAIN,2026-09-28 00:11,2026-09-28 00:23,PASSENGER
PSG-1510,2026-09-28,STN_B-STN_C,DN_MAIN,2026-09-28 05:17,2026-09-28 05:25,PASSENGER
PSG-1511,2026-09-28,STN_B-STN_C,DN_MAIN,2026-09-28 05:14,2026-09-28 05:26,PASSENGER
PSG-1512,2026-09-28,STN_B-STN_C,DN_MAIN,2026-09-28 20:22,2026-09-28 20:30,PASSENGER
PSG-1513,2026-09-28,STN_B-STN_C,DN_MAIN,2026-09-28 21:20,2026-09-28 21:32,PASSENGER
PSG-1514,2026-09-28,STN_B-STN_C,DN_MAIN,2026-09-28 16:44,2026-09-28 16:56,PASSENGER
PSG-1515,2026-09-28,STN_B-STN_C,DN_MAIN,2026-09-28 02:29,2026-09-28 02:41,PASSENGER
PSG-1516,2026-09-28,STN_B-STN_C,DN_MAIN,2026-09-28 17:56,2026-09-28 18:06,PASSENGER
PSG-1517,2026-09-28,STN_B-STN_C,DN_MAIN,2026-09-28 06:16,2026-09-28 06:24,PASSENGER
PSG-1518,2026-09-28,STN_B-STN_C,DN_MAIN,2026-09-28 17:14,2026-09-28 17:24,PASSENGER
PSG-1519,2026-09-28,STN_C-STN_D,UP_MAIN,2026-09-28 18:32,2026-09-28 18:47,PASSENGER
PSG-1520,2026-09-28,STN_C-STN_D,UP_MAIN,2026-09-28 03:08,2026-09-28 03:20,PASSENGER
PSG-1521,2026-09-28,STN_C-STN_D,UP_MAIN,2026-09-28 07:33,2026-09-28 07:43,PASSENGER
PSG-1522,2026-09-28,STN_C-STN_D,UP_MAIN,2026-09-28 22:38,2026-09-28 22:50,PASSENGER
PSG-1523,2026-09-28,STN_C-STN_D,UP_MAIN,2026-09-28 11:18,2026-09-28 11:30,PASSENGER
PSG-1524,2026-09-28,STN_C-STN_D,UP_MAIN,2026-09-28 10:01,2026-09-28 10:11,PASSENGER
PSG-1525,2026-09-28,STN_C-STN_D,UP_MAIN,2026-09-28 21:06,2026-09-28 21:21,PASSENGER
PSG-1526,2026-09-28,STN_C-STN_D,UP_MAIN,2026-09-28 19:09,2026-09-28 19:17,PASSENGER
PSG-1527,2026-09-28,STN_C-STN_D,UP_MAIN,2026-09-28 03:54,2026-09-28 04:06,PASSENGER
PSG-1528,2026-09-28,STN_C-STN_D,DN_MAIN,2026-09-28 08:12,2026-09-28 08:22,PASSENGER
PSG-1529,2026-09-28,STN_C-STN_D,DN_MAIN,2026-09-28 01:21,2026-09-28 01:33,PASSENGER
PSG-1530,2026-09-28,STN_C-STN_D,DN_MAIN,2026-09-28 13:01,2026-09-28 13:09,PASSENGER
PSG-1531,2026-09-28,STN_C-STN_D,DN_MAIN,2026-09-28 13:10,2026-09-28 13:22,PASSENGER
PSG-1532,2026-09-28,STN_C-STN_D,DN_MAIN,2026-09-28 18:26,2026-09-28 18:38,PASSENGER
PSG-1533,2026-09-28,STN_C-STN_D,DN_MAIN,2026-09-28 00:50,2026-09-28 01:02,PASSENGER
PSG-1534,2026-09-28,STN_C-STN_D,DN_MAIN,2026-09-28 17:33,2026-09-28 17:48,PASSENGER
PSG-1535,2026-09-28,STN_C-STN_D,DN_MAIN,2026-09-28 16:36,2026-09-28 16:44,PASSENGER
PSG-1536,2026-09-28,STN_C-STN_D,DN_MAIN,2026-09-28 10:07,2026-09-28 10:17,PASSENGER
